ID,Name_lang,Description_lang,MapID,BackgroundFileDataID,ButtonFileDataID,ButtonSmallFileDataID,LoreFileDataID,OrderIndex,Flags,AreaID
63,Deadmines,"It is said the Deadmines' gold deposits once accounted for a third of Stormwind's treasure reserves. Amid the chaos of the First War, the mines were abandoned and later thought to be haunted, leaving them relatively untouched until the Defias Brotherhood--a group of former laborers turned brigands--claimed the labyrinth as a base of operations for its subversive activities against Stormwind.",36,522336,522352,136332,526404,0,0,1581
64,Shadowfang Keep,"Looming over Pyrewood Village from the southern bluffs of Silverpine Forest, Shadowfang Keep casts a shadow as dark as its legacy. Sinister forces occupy these ruins, formerly the dwelling of the mad archmage Arugal's worgen. The restless shade of Baron Silverlaine lingers, while Lord Godfrey and his cabal of erstwhile Gilnean noblemen plot against their enemies both living and undead.",33,522342,522358,136357,526410,0,0,0
65,Throne of the Tides,"Deep within the Abyssal Maw's fathomless expanses lies the Throne of the Tides. From here, the great elemental lord Neptulon the Tidehunter has surveyed and protected his aquatic domain for ages. He now faces his greatest challenge as a force of serpentine naga and malefic faceless ones threaten to depose him, leaving his realm and its secrets ripe for the plundering.",643,522346,522362,460875,526413,0,1,5382
66,Blackrock Caverns,"Rumors suggest that Deathwing himself carved out the subterranean labyrinth that allows the Twilight's Hammer to secretly transport elementals from the majestic Mount Hyjal to Blackrock Mountain. A vital hub of this shadow network is Blackrock Caverns, site of the cult's blistering forge and some of its most heinous experiments, including the transformation of cultists into twilight dragonkin.",645,522334,522350,460859,526402,0,1,5374
67,The Stonecore,"Within the Temple of Earth, locked in the heart of Deepholm, lies the Stonecore. It was inside these caverns that the Twilight's Hammer toiled over Deathwing, hammering elementium plates to the Dragon Aspect's body in an attempt to hold his tormented form together. With his renewal complete, Deathwing ascended into Azeroth, shattering the World Pillar and destabilizing the region of Deepholm.",725,522344,522360,460872,526412,0,1,5303
68,The Vortex Pinnacle,"The Vortex Pinnacle exists within the elemental plane of Skywall. Its elegant structures, crowned with bronze and gold, sit atop platforms bridged by pure air. Yet behind its exterior beauty, the pinnacle harbors Neferset tol'vir, as well as Al'Akir the Windlord's merciless elemental legions. As long as the barrier between Skywall and Azeroth remains open, terror will rain down on Uldum from the skies.",657,522345,522361,460873,526414,0,1,5583
69,Lost City of the Tol'vir,"The Lost City of the Tol'vir is the stronghold of the Neferset, a faction of the cat-like tol'vir who swore fealty to Deathwing in exchange for a cure to the curse of flesh, which had turned their rocky hides to soft skin. With the affliction expunged, the tol'vir have rebelled against their benefactor, although they remain irrevocably twisted and hostile due to the dark pact that they made.",755,522341,522357,460866,526409,0,1,0
70,Halls of Origination,"Constructed by the great titans, the Halls of Origination are filled with ancient relics and the fearsome guardians that protect them. Rumors abound that the complex also contains a devastating weapon capable of reordering all life on Azeroth. Deathwing has moved to obtain this terrifying device through his agent, Al'Akir the Windlord. Thus far the facility's communication systems have been fully corrupted, but the weapon inside continues to elude Deathwing's grasp.",644,522340,522356,460865,526408,0,0,0
71,Grim Batol,"Don't be fooled by Grim Batol's humble exterior; many of this mountain fortress's desecrated chambers are buried deep in the Twilight Highlands. Once the stronghold of the Wildhammer dwarves, and later seized by orcs as a prison for Alextrasza, the city is now in the clutches of the Twilight's Hammer cult.

Heroes brave enough to infiltrate the brooding depths of the stronghold must confront Deathwing's agents to thwart the mysterious evil within.",670,522338,522354,460863,526406,0,0,0
72,The Bastion of Twilight,"The Bastion of Twilight stands as a dark symbol of the Old Gods' burgeoning power on Azeroth. Various branches of the Twilight's Hammer dwell deep beneath the towering form--considered the cult's foremost command center--along with their twisted leader, Cho'gall. There, he and his servants conspire to bring the Old Gods' apocalyptic visions to fruition by bleeding Azeroth of all sanity, hope, and life.",671,522339,522355,460863,526407,2,0,0
73,Blackwing Descent,"Nefarian and his warped attempts to create a new breed of dragon were thought to be defeated after his death in Blackwing Lair. Yet tales have emerged that his father, Deathwing, has reanimated  Nefarian and set him to work in Blackwing Descent. The gruesome experiments being conducted there are feared to be on a level of wickedness far surpassing Nefarian's previous crimes against nature.",669,522335,522351,460860,526403,2,0,5729
74,Throne of the Four Winds,"Al'Akir the Windlord's personal lair, the Throne of the Four Winds, glides high among Skywall's boundless vistas. Now that the barriers of the Elemental Plane have been ruptured, Al'Akir is free to travel Azeroth's winds at his leisure. He has mustered his fiercest tempests to scour Uldum of life and seize control of the mysterious titan-forged Halls of Origination.",754,522343,522359,460874,526411,2,0,5684
75,Baradin Hold,"Following the Second War, the ruined fortress of Baradin Hold on the remote island of Tol Barad was converted into a prison for some of the most dangerous forces on Azeroth. Yet with the devastation wrought by the Cataclysm, the prison's integrity has been compromised. Now as the Horde and Alliance vie for supremacy on the island, the liberation of its forgotten horrors may be at hand.",757,522333,522349,464826,526401,1,2,0
76,Zul'Gurub,"Zul'Gurub was the capital of the Gurubashi jungle trolls, a tribe that once controlled the vast jungles of the south. It was here that Jin'do the Hexxer summoned the savage loa Hakkar the Soulflayer into Azeroth. Of late, these efforts have begun anew amid an alliance between the Gurubashi and Zandalar trolls that seeks to establish a unified troll empire.",859,522348,522364,136369,526416,0,0,0
77,Zul'Aman,"Echoes of unfulfilled vengeance linger in the one-time capital of the Amani tribe, Zul'Aman. Though the Amani trolls answered their warlord's call to arms, Zul'jin was denied his goal of restoring the empire to its former glory. Where he failed, the Zandalar tribe will succeed. Left unchecked, the united tribes will reclaim their lands and savor a merciless retribution.",568,522347,522363,136367,526415,0,0,3508
78,Firelands,"The Firelands is the molten domain forged by the titans to house Ragnaros and his wayward minions. Following Deathwing's emergence into Azeroth, Ragnaros and his servants surged onto the slopes of Mount Hyjal before being driven back by the sacred mountain's valiant defenders. Now Ragnaros is rallying his loyalists to defend the Firelands from Azeroth's champions.",720,522337,522353,529270,526405,3,0,0
184,End Time,"One of an infinite number of potential outcomes, this timeway depicts the desolate future of Azeroth should Deathwing fail to be stopped.  Nozdormu has identified a powerful anomaly that exists in this moment and bars access to the past - and hope of retrieving the Demon Soul. The powerful creature from out of time lives alone amidst the time-twisted echoes of the past.",938,571739,571754,575262,571758,0,1,0
185,Well of Eternity,"Ten-thousand years in the past, the night elven capital city of Zin-Azshari was a magnificent, sparkling metropolis.  Situated on the shores of the Well of Eternity, it was here that the aristocratic Highborne first opened a portal into the Twisting Nether and invited the Burning Legion to invade Azeroth.  Under the command of the night elven queen, Azshara, they now pour their energies into the portal, preparing it for the terrifying and glorious entrance of the demon god Sargeras.",939,571741,571756,575266,571760,0,0,0
186,Hour of Twilight,"With the Dragon Soul retrieved from the past, the Heroes of Azeroth now prepare for the final confrontation with Deathwing.  In the frozen wastes of Northrend, the towering spire of Wyrmrest Temple is under the assault of Deathwing's Twilight forces.  In order to save Azeroth, Thrall must arrive safely at the temple with the Dragon Soul in hand.",940,571740,571755,575264,571759,0,0,0
187,Dragon Soul,"Forged by Deathwing during the War of the Ancients, the Dragon Soul harnessed the combined power of the dragonflights until it was ultimately destroyed. Through the Caverns of Time, Thrall and the remaining dragonflights were able to recover the powerful artifact before its destruction.  Now they have rallied at Wyrmrest Temple in a desperate attempt to use the might of the Dragon Soul against Deathwing himself.",967,571738,571753,575261,571757,4,0,0
226,Ragefire Chasm,"Ragefire Chasm extends deep below the city of Orgrimmar. Barbaric troggs and devious Searing Blade cultists once plagued the volcanic caves, but now a new threat has emerged: dark shaman. Although Warchief Garrosh Hellscream recently called on a number of shaman to use the elements as weapons against the Alliance, the chasm's current inhabitants appear to be renegades. Reports have surfaced that these shadowy figures are amassing a blistering army that could wreak havoc if unleashed upon Orgrimmar.",389,608172,608211,136350,608250,0,0,0
227,Blackfathom Deeps,"Once dedicated to the night elves' goddess Elune, Blackfathom Deeps was thought to have been destroyed during the Sundering, lost beneath the ocean. Millennia later, members of the Twilight's Hammer cult were drawn to the temple by whispers and foul dreams. After sacrificing untold numbers of innocents, the cult was rewarded with a new task: to protect one of the Old Gods' most cherished creatures, a pet that is still in need of nurturing before he can unleash his dark powers on the world.",48,608156,608195,136325,608234,0,0,0
228,Blackrock Depths,"The smoldering Blackrock Depths are home to the Dark Iron dwarves and their emperor, Dagran Thaurissan. Like his predecessors, he serves under the iron rule of Ragnaros the Firelord, a merciless being summoned into the world centuries ago. The presence of chaotic elementals has attracted Twilight's Hammer cultists to the mountain domain. Along with Ragnaros' servants, they have pushed the dwarves toward increasingly destructive ends that could soon spell doom for all of Azeroth.",230,608157,608196,136326,608235,0,0,0
229,Lower Blackrock Spire,"This imposing fortress, carved into the fiery core of Blackrock Mountain, represented the might of the Dark Iron clan for centuries. More recently, the black dragon Nefarian and his spawn seized the keep's upper spire and ignited a brutal war against the dwarves. The draconic armies have since allied with Warchief Rend Blackhand and his false Horde. This combined force lords over the spire, conducting horrific experiments to bolster its ranks while plotting the meddlesome Dark Irons' downfall.",229,608158,608197,136327,608236,0,0,0
230,Dire Maul,"Built thousands of years ago to house the kaldorei's arcane secrets, the formerly great city of Eldre'Thalas now lies in ruin, writhing with warped, twisted forces. Competing covens once fought for control of Dire Maul's corrupted energy, but they have since settled into uneasy truces, choosing to exploit the power within their own territories rather than continue to battle over the entire complex.",429,608161,608200,136333,608239,0,0,0
231,Gnomeregan,"Built deep within the mountains of Dun Morogh, the wondrous city of Gnomeregan was a testament to the gnomes' intelligence and industry. But when the capital was invaded by troggs, the gnomish high tinker was betrayed by his advisor Sicco Thermaplugg. As a result, Gnomeregan was irradiated, and most of its inhabitants slain. The surviving gnomes fled, vowing to return someday and retake their home.",90,608163,608202,136336,608241,0,0,0
232,Maraudon,"According to legend, Zaetar, son of Cenarius, and the earth elemental princess Theradras begot the barbaric centaur race. Shortly after the centaur's creation, the ruthless creatures murdered their father. The grief-stricken Theradras is said to have trapped her lover's spirit within Maraudon, corrupting the region. Now, vicious centaur ghosts and twisted elemental minions roam every corner of the sprawling caves.",349,608170,608209,136345,608248,0,0,0
233,Razorfen Downs,"Legends state that where the demigod Agamaggan fell, his blood gave rise to great masses of thorny vines. Recently, scouts have reported seeing undead milling about the region, engendering fears that the dreaded Scourge may be moving to conquer Kalimdor.",129,608173,608212,136352,608251,0,0,0
234,Razorfen Kraul,"Legends state that where the demigod Agamaggan fell, his blood gave rise to great masses of thorny vines. Many quilboar have taken up residence in the largest cluster of giant thorns, the Razorfen, which they revere as Agamaggan's resting place.",47,608174,608213,136353,608252,0,0,0
235,Scarlet Monastery - OLD,PH,189,608175,608214,136354,608253,0,0,0
236,Stratholme,"Stratholme was once the jewel of northern Lordaeron, but today it is remembered for its harrowing fall to ruin. It was here that Prince Arthas turned his back on the noble paladin Uther Lightbringer, slaughtering countless residents believed to be infected with the horrific plague of undeath. Ever since, cursed Stratholme has been marred by death, betrayal, and hopelessness.",329,608177,608216,136359,608255,0,0,0
237,The Temple of Atal'hakkar,"Thousands of years ago, the Gurubashi empire was plunged into a civil war by a powerful sect of priests, the Atal'ai, who sought to summon to Azeroth an avatar of their god of blood, Hakkar the Soulflayer. The Gurubashi people exiled the Atal'ai to the Swamp of Sorrows, where the priests built the Temple of Atal'Hakkar. Ysera, Aspect of the green dragonflight, sank the temple beneath the swamp and assigned wardens to ensure that the summoning rituals never be performed again.",109,608178,608217,136360,608256,0,0,0
238,The Stockade,"Stormwind Stockade is a closely guarded prison built beneath the canals of Stormwind City. Warden Thelwater keeps watch over the stockade and the highly dangerous criminals who call it home. Recently, the inmates revolted, overthrowing their guards and plunging the prison into a state of pandemonium.",34,608184,608223,136358,608262,0,0,0
239,Uldaman,"Uldaman is an ancient titan vault buried deep within the earth. It is said the titans sealed away a failed experiment there and then moved on to a new project, related to the genesis of the dwarves. Tales of a fabled treasure containing great knowledge have enticed would-be treasure hunters to dig deeper into the secrets of Uldaman, a task made perilous by the presence of stone defenders, savage troggs, Dark Iron invaders, and other dangers lurking in the lost city.",70,608186,608225,136363,608264,0,0,0
240,Wailing Caverns,"Years ago, the famed druid Naralex and his followers descended into the shadowy Wailing Caverns, named for the mournful cry one hears when steam bursts from the cave system's fissures. Naralex planned to use the underground springs to restore lushness to the arid Barrens. But upon entering the Emerald Dream, he saw his vision of regrowth turn into a waking nightmare, one that has plagued the caverns ever since.",43,608190,608229,136364,608313,0,0,0
241,Zul'Farrak,"Zul'Farrak was once the shining jewel of Tanaris, ferociously protected by the cunning Sandfury tribe. Despite the trolls' tenacity, this isolated group was forced to surrender much of its territory throughout history. Now, it appears that Zul'Farrak's inhabitants are creating a horrific army of undead trolls to conquer the surrounding region. Other disturbing rumors tell of an ancient creature sleeping within the city--one that, if awakened, will rain death and destruction across Tanaris.",209,608191,608230,136368,608267,0,0,0
246,Scholomance,"Individuals seeking to master the powers of undeath know well of Scholomance, the infamous school of necromancy located in the dark and foreboding crypts beneath Caer Darrow. In recent years, several of the instructors have changed, but the institution remains under the control of Darkmaster Gandling, a particularly sadistic and insidious practitioner of necromantic magic.",1007,608176,608215,136355,608254,0,1,0
247,Auchenai Crypts,"The original exiles on Draenor found death to be an unsettling and unfortunate consequence of life, and so the draenei hid their dead away in the subterranean grave-city of Auchindoun, a labyrinthine marvel located beneath the forests of Terokkar.",558,608154,608193,136323,608232,0,0,0
248,Hellfire Ramparts,"At the heart of Outland's barren Hellfire Peninsula stands Hellfire Citadel, a nearly impenetrable bastion that served as the Horde's base of operations throughout the First and Second Wars.",543,608168,608207,136338,608246,0,0,0
249,Magisters' Terrace,"After his defeat in Tempest Keep, Kael'thas Sunstrider publicly revealed his alliance with the ruthless Burning Legion. Intent upon summoning the demon lord Kil'jaeden, Kael'thas has returned to the Isle of Quel'Danas to make the final preparations for his master's arrival.",585,608169,608208,136344,608247,0,1,0
250,Mana-Tombs,"The original exiles on Draenor found death to be an unsettling and unfortunate consequence of life, and so the draenei hid their dead away in the subterranean grave-city of Auchindoun, a labyrinthine marvel located beneath the forests of Terokkar.",557,608154,608193,136323,608232,0,1,0
251,Old Hillsbrad Foothills,"Deep within the Caverns of Time, the brooding dragon Nozdormu has awakened. Since the world was young, the bronze dragonflight has safeguarded the winding labyrinth, monitoring the shifting timeways to ensure that the delicate balance of time is upheld.",560,608159,608198,136330,608237,0,0,0
252,Sethekk Halls,"The original exiles on Draenor found death to be an unsettling and unfortunate consequence of life, and so the draenei hid their dead away in the subterranean grave-city of Auchindoun, a labyrinthine marvel located beneath the forests of Terokkar.",556,608154,608193,136323,608232,0,0,0
253,Shadow Labyrinth,"The original exiles on Draenor found death to be an unsettling and unfortunate consequence of life, and so the draenei hid their dead away in the subterranean grave-city of Auchindoun, a labyrinthine marvel located beneath the forests of Terokkar.",555,608154,608193,136323,608232,0,0,0
254,The Arcatraz,"The mighty Tempest Keep was created by the enigmatic naaru: sentient beings of pure energy and the sworn enemies of the Burning Legion. In addition to serving as a base of operations for the naaru, the structure itself possesses the technology to teleport through alternate dimensions, traveling from one location to another in the blink of an eye.",552,608179,608218,136362,608257,0,0,0
255,The Black Morass,"Deep within the Caverns of Time, the brooding dragon Nozdormu has awakened. Since the world was young, the bronze dragonflight has safeguarded the winding labyrinth, monitoring the shifting timeways to ensure that the delicate balance of time is upheld.",269,608159,608198,136330,608237,0,0,0
256,The Blood Furnace,"At the heart of Outland's barren Hellfire Peninsula stands Hellfire Citadel, a nearly impenetrable bastion that served as the Horde's base of operations throughout the First and Second Wars.",542,608168,608207,136338,608246,0,1,0
257,The Botanica,"The mighty Tempest Keep was created by the enigmatic naaru: sentient beings of pure energy and the sworn enemies of the Burning Legion. In addition to serving as a base of operations for the naaru, the structure itself possesses the technology to teleport through alternate dimensions, traveling from one location to another in the blink of an eye.",553,608179,608218,136362,608257,0,1,0
258,The Mechanar,"The mighty Tempest Keep was created by the enigmatic naaru: sentient beings of pure energy and the sworn enemies of the Burning Legion. In addition to serving as a base of operations for the naaru, the structure itself possesses the technology to teleport through alternate dimensions, traveling from one location to another in the blink of an eye.",554,608179,608218,136362,608257,0,0,0
259,The Shattered Halls,"At the heart of Outland's barren Hellfire Peninsula stands Hellfire Citadel, a nearly impenetrable bastion that served as the Horde's base of operations throughout the First and Second Wars.",540,608168,608207,136338,608246,0,1,0
260,The Slave Pens,"Coilfang Reservoir is the name for a naga-dominated compound that lurks under Zangarmarsh's deepest waters. The reservoir, punctured throughout by massive open pipes and pistons, seems big enough to house armies - and, yet, its purpose isn't strictly military.",547,608160,608199,136331,608238,0,0,0
261,The Steamvault,"Coilfang Reservoir is the name for a naga-dominated compound that lurks under Zangarmarsh's deepest waters. The reservoir, punctured throughout by massive open pipes and pistons, seems big enough to house armies - and, yet, its purpose isn't strictly military.",545,608160,608199,136331,608238,0,0,0
262,The Underbog,"Coilfang Reservoir is the name for a naga-dominated compound that lurks under Zangarmarsh's deepest waters. The reservoir, punctured throughout by massive open pipes and pistons, seems big enough to house armies - and, yet, its purpose isn't strictly military.",546,608160,608199,136331,608238,0,1,0
271,Ahn'kahet: The Old Kingdom,"Azjol-Nerub was an empire of great strength when the Lich King arrived in Northrend. Despite ferocious resistance, however, Scourge forces managed to overtake the subterranean kingdom and slaughter its inhabitants, the nerubians. Scarred by years of war and abandonment, this vast domain is now occupied on two fronts.",619,608153,608192,237592,608231,0,0,0
272,Azjol-Nerub,"Azjol-Nerub was an empire of great strength when the Lich King arrived in Northrend. Despite ferocious resistance, however, Scourge forces managed to overtake the subterranean kingdom and slaughter its inhabitants, the nerubians. Scarred by years of war and abandonment, this vast domain is now occupied on two fronts.",601,608155,608194,237593,608233,0,1,0
273,Drak'Tharon Keep,"Drak'Tharon Keep once served the Drakkari trolls as a formidable outpost at the edge of their kingdom, Zul'Drak, but a recent Scourge invasion has delivered the fortress into the Lich King's hands. The keep's fallen defenders are now the Lich King's undead minions, and they are advancing into the heart of Drakkari territory.",600,608162,608201,237595,608240,0,0,0
274,Gundrak,"Desperate to save their kingdom from collapse, the trolls of Zul'Drak have turned on their ancient gods. The wild deities are now considered a source of untapped power, their potent blood providing the means to repel the Lich King's minions, who have overtaken parts of the troll nation. Heroes have recently journeyed to the beleaguered region to strike at the savage Drakkari and their maddened prophets.",604,608164,608203,237596,608242,0,1,0
275,Halls of Lightning,"Upon departing Azeroth, the titans entrusted loyal protectors with safeguarding Ulduar, an enigmatic city nestled in the mountains of the Storm Peaks. Designated supreme among his brethren was the guardian known as Loken, but with the power of the titan complex in his hands, he turned to darkness and plunged the region into chaos.",602,608165,608204,237598,608243,0,1,0
276,Halls of Reflection,"For many years, champions among the races of Azeroth have stood against the Lich King only to be slaughtered mercilessly and forced to serve in his army of undead horrors. In his ongoing struggle to stop the Lich King, Tirion Fordring of the Argent Crusade has joined forces with Darion Mograine of the Knights of the Ebon Blade in order to assault Icecrown Citadel with a unified army called the Ashen Verdict.",668,608166,608205,336389,608244,0,0,0
277,Halls of Stone,"Upon departing Azeroth, the titans entrusted loyal protectors with safeguarding Ulduar, an enigmatic city nestled in the mountains of the Storm Peaks. Designated supreme among his brethren was the guardian known as Loken, but with the power of the titan complex in his hands, he turned to darkness and plunged the region into chaos.",599,608167,608206,237599,608245,0,0,0
278,Pit of Saron,"For many years, champions among the races of Azeroth have stood against the Lich King only to be slaughtered mercilessly and forced to serve in his army of undead horrors. In his ongoing struggle to stop the Lich King, Tirion Fordring of the Argent Crusade has joined forces with Darion Mograine of the Knights of the Ebon Blade in order to assault Icecrown Citadel with a unified army called the Ashen Verdict.",658,608171,608210,336391,608249,0,0,0
279,The Culling of Stratholme,"Deep within the Caverns of Time, the brooding dragon Nozdormu has awakened. Since the world was young, the bronze dragonflight has safeguarded the winding labyrinth, monitoring the shifting timeways to ensure that the delicate balance of time is upheld.",595,608180,608219,237601,608258,0,0,0
280,The Forge of Souls,"For many years, champions among the races of Azeroth have stood against the Lich King only to be slaughtered mercilessly and forced to serve in his army of undead horrors. In his ongoing struggle to stop the Lich King, Tirion Fordring of the Argent Crusade has joined forces with Darion Mograine of the Knights of the Ebon Blade in order to assault Icecrown Citadel with a unified army called the Ashen Verdict.",632,608181,608220,336392,608259,0,1,0
281,The Nexus,"In order to reestablish his dominance over magic, the blue Dragon Aspect, Malygos, has launched a ruthless campaign to sever the link between mortals and the arcane energies coursing through Azeroth. To this end, his blue dragonflight is redirecting the ley lines of the world to the Nexus, Malygos' towering lair.",576,608182,608221,237602,608260,0,1,0
282,The Oculus,"In order to reestablish his dominance over magic, the blue Dragon Aspect, Malygos, has launched a ruthless campaign to sever the link between mortals and the arcane energies coursing through Azeroth. To this end, his blue dragonflight is redirecting the ley lines of the world to the Nexus, Malygos' towering lair.",578,608183,608222,237603,608261,0,0,0
283,The Violet Hold,"Among the ornate spires and enchanted streets of Dalaran, a dark presence stirs within the mighty walls of the Violet Hold. Long used to restrain threats to the city, the tower holds row upon row of deadly inmates, and it has been diligently watched over by the Kirin Tor. However, a sudden assault has tested the integrity of the hold, putting at risk the safety of everyone outside the prison's walls.",608,608189,608228,237604,608312,0,0,0
284,Trial of the Champion,"Clouds blanket the skies of Icecrown and heroes gather beneath battle-worn banners in preparation for the coming storm. They say that even the darkest cloud has a silver lining. It is this hope that drives the men and women of the Argent Crusade: hope that the Light will see them through these trying times, hope that good will triumph over evil, hope that a hero blessed by the Light will come forth to put an end to the Lich King's dark reign.",650,608185,608224,311220,608263,0,0,0
285,Utgarde Keep,"Utgarde Keep was long thought to be abandoned, a relic of a lost civilization among the central cliffs of the Howling Fjord. Yet in recent days something has roused the fortress' slumbering residents, the vrykul.",574,608187,608226,237605,608265,0,1,0
286,Utgarde Pinnacle,"Utgarde Keep was long thought to be abandoned, a relic of a lost civilization among the central cliffs of the Howling Fjord. Yet in recent days something has roused the fortress' slumbering residents, the vrykul.",575,608188,608227,237606,608266,0,0,0
302,Stormstout Brewery,"When Chen Stormstout arrived in the Valley of the Four Winds, he journeyed to the renowned brewery of his namesake, hoping to connect with his relatives. What he found was his ancestral home in disarray. Under the watch of the incompetent Uncle Gao, loathsome virmen and unruly hozen have infiltrated the brewery, sparking a destructive revel that will soon devastate the region's supply of tasty brews.",961,632268,632275,632362,632282,0,1,0
303,Gate of the Setting Sun,"For generations, a massive wall called the Serpent's Spine has protected the denizens of Pandaria from periodic assaults by the rampaging, insect-like mantid. This brutal race's cycle of aggression recently began earlier than expected, catching the wall's defenders off guard. As the mightiest mantid warriors charge the battle-worn gates, Pandaria must hold back the most devastating army in the land's recorded history.",962,632263,632270,632357,632277,0,1,0
311,Scarlet Halls,"The Crusade's fiercest warriors, those who have held their ground and fought to defend the monastery throughout these dark times, are rapidly preparing an army within the Scarlet Halls. These soldiers are bound by their hatred of the unliving, and they are willing to sacrifice everything for their order's righteous cause.",1001,643259,643262,643268,643265,0,0,0
312,Shado-Pan Monastery,"War has spread across Pandaria, and the destructive conflict between the Horde and Alliance has led to turmoil in the majestic Shado-Pan Monastery. There, three malevolent entities--the Sha of Violence, the Sha of Hatred, and the Sha of Anger--have erupted from their prisons. Although the Sha of Anger fled the secluded monastery completely, the remaining sha have begun wreaking havoc on the site's brave Shado-Pan defenders.",959,632267,632274,632361,632281,0,1,0
313,Temple of the Jade Serpent,"Rising high above the east coast of Pandaria, the Temple of the Jade Serpent stands as a sacred monument to the legendary pandaren emperor Shaohao's victory over the Sha of Doubt thousands of years ago. Recently, a disastrous conflict in the Jade Forest unleashed the sha, and several of the entities  have raided the temple's most treasured stores of wisdom and knowledge.",960,632269,632276,632363,632283,0,1,0
316,Scarlet Monastery,"The Crusade's fanatical leaders direct their followers from the Scarlet Cathedral, at the heart of the monastery grounds. This heavily guarded location functions as the order's headquarters, and some of the most zealous and intolerant crusaders roam the halls of this once-hallowed place.",1004,608175,608214,136354,608253,0,0,0
317,Mogu'shan Vaults,"The mogu, proud of their supremacy, kept lengthy records of their accomplishments within a great complex of vaults. The construction of these vast chambers predate any pandaren written records, shrouding their depths in mystery. Rumors once circulated of a mighty army locked within; for this reason, the vaults were the first target of the ancient pandaren rebellion, and they have been sealed ever since the mogu empire was overthrown.",1008,632266,632273,632360,632280,2,0,0
320,Terrace of Endless Spring,"Hidden high in the mountains, the Terrace of Endless Spring is the sacred center of the Vale of Eternal Blossoms. Its peaceful fountains are said to have the power to heal and rejuvenate, but when the Sha of Fear attacked, many of the complex's guardians turned on each other in fits of terror.",996,643261,643264,643270,643267,4,0,0
321,Mogu'shan Palace,"The ancient Mogu'shan Palace is the last true bastion of mogu strength on mainland Pandaria. Three of their great clans recently gathered at this stunning location to meet with their king, Xin the Weaponmaster. This mighty ruler has formulated a bold plan to unite his scattered people and reclaim the glory of their fallen empire. With turmoil gripping Pandaria, Xin's lofty dream of conquest could become reality.",994,632265,632272,632359,632279,0,1,0
322,Pandaria,"Shrouded in mists since the world was sundered ten thousand years ago, the ancient realm of Pandaria has remained unspoiled by war. Its lush forests and cloud-ringed mountains are home to a complex ecosystem of indigenous races and exotic creatures. It is the homeland of the enigmatic pandaren, a race that celebrates life to the fullest even while under siege by an ancient menace.",996,652217,652218,1062579,652219,1,2,0
324,Siege of Niuzao Temple,"Niuzao Temple extends across two fortified islands far beyond a towering wall called the Serpent's Spine. For years, tenacious pandaren defenders have protected the narrow bridges connecting the isles, staving off any would-be invaders. Yet recently, the mantid created their own bridge--a massive tree root--and seized one of the islands by surprise. Now, these brutal insectoids are poised to assault Niuzao's remaining guardians.",1011,643260,643263,643269,643266,0,0,0
330,Heart of Fear,"The Sha of Fear has corrupted the grand empress of the mantid. Her increasingly erratic and paranoid commands have driven the Klaxxi--the keepers of mantid culture--to take aggressive action. Because they are few in number, the Klaxxi are reluctantly willing to accept outside help in destroying the empress and purging their race of the sha's negative influence.",1009,632264,632271,632358,632278,3,0,0
362,Throne of Thunder,"When Pandaria separated from Kalimdor many thousands of years ago, a veil of mist kept outsiders from discovering the newly-formed continent. The mists also hid a reminder of an ancient evil: Lei Shen's Throne of Thunder. During his rule, this fortress was the seat of the Thunder King's power. Even after his death, great swathes of corrupted energy lingered, and now, the resurrected Thunder King and the Zandalari trolls intend to harness that energy to establish the reign of Lei Shen once again.",1098,828450,828453,838785,828454,5,0,0
369,Siege of Orgrimmar,The tensions stoked by Garrosh Hellscream's arrogance have reached a boiling point with the destruction unleashed upon the Vale of Eternal Blossoms. Leaders of the Alliance and Horde lay siege to Hellscream's capital in order to topple the ruthless Warchief once and for all!,1136,904980,904981,904241,904982,6,0,0
385,Bloodmaul Slag Mines,"On the northern outskirts of Frostfire Ridge, the Bloodmaul ogres run a brutal mining operation amidst the sweltering heat of active volcanic caverns. Slaves from across Draenor are transported to the mines, never to leave alive. The Slag Mines produce abundant yields of gemstones and ore, but it is rumored that the true purpose of these mines is to dig for an ancient relic of immense power.",1175,1041968,1041994,1042059,1041984,0,1,0
457,Blackrock Foundry,"This foundry was the ancestral home of the Blackrock orcs, wherein master smiths smelted and worked the impossibly hard ore that is the clan's namesake. Now, massive giants captured and broken by the Thunderlord heat the great forges, flamebenders of the Burning Blade imbue the ore with an inner fire, and engineers shape the slag according to otherworldly schematics. Warlord Blackhand's foundry is the center of the Iron Horde's military might, churning out the weaponry that will be used to raze Azeroth.",1205,1041967,1041993,1042058,1041983,3,0,0
476,Skyreach,"Atop the crowning pinnacle of the Spires of Arak, amidst the clouds, Skyreach stands as the seat of power of the Adherents of Rukhmar. The arakkoa have gathered and harnessed the Apexis technology of their forebears, and now they are ready to unleash the focused power of the sun upon their enemies.",1209,1041973,1041999,1042064,1041989,0,1,0
477,Highmaul,"Highmaul is the seat of power for the Gorian Empire, the ogre civilization that ruled Draenor for generations, until the arrival of the draenei. A massive city that belies the ogre reputation for brutish stupidity, Highmaul is full of bustling markets, wealthy nobles, and the roar of the Coliseum crowd echoing through the streets of the slums. Visible from everywhere within the city's walls, Imperator Mar'gok's citadel casts a long shadow, a reminder of his watchful eye and iron grip.",1228,1041971,1041997,1042062,1041987,2,0,0
536,Grimrail Depot,"The Grimrail Depot is a vital hub in the Iron Horde war machine, allowing for the transport of troops and materiel produced in the Blackrock Foundry to the front lines of the war being waged across Draenor. The Depot's namesake is the Grimrail itself, a massive train that can bear entire battalions of troops and artillery. On this day, the Grimrail has been fitted with a massive railgun powerful enough to shatter the shield protecting Shattrath, and is about to depart....",1208,1041970,1041996,1042061,1041986,0,1,0
537,Shadowmoon Burial Grounds,"The traditional burial grounds of the Shadowmoon clan are the final resting place for countless generations of ancestors. The fallen chieftain Ner'zhul, in the depths of his depravity, has sacrificed the very soul of his clan in a desperate quest for power. Now the ancestral spirits are restless, tormented and used to fuel dark rituals that will pull all of Draenor into the void if allowed to run their course.",1176,1041972,1041998,1042063,1041988,0,1,0
547,Auchindoun,"Auchindoun is the holy mausoleum of the draenei, a sanctum of the Light in which the spirits of the dead find respite. The crystalline structure also serves to protect and shield draenei souls from their eternal enemies: the Burning Legion, who hunger eternally for draenei spirits. This fact makes it a location of particular interest to Gul'dan and his Shadow Council, who seek to gain favor with their demonic masters.",1182,1041966,1041992,1042057,1041982,0,1,0
556,The Everbloom,"After the disruption of the Dark Portal, the Kirin Tor realized that to fight the Iron Horde on their own soil, they would need a supply line for reinforcements. Thus, they created outposts across Draenor with magical links back to Azeroth. Unfortunately, what seemed like a prime strategic location near the Blackrock Foundry was known to the botani as The Everbloom, a sacred place within the Gorgrond woodlands. The outpost was quickly overgrown, but it still contains a link to the outskirts of Stormwind....",1279,1060543,1060547,1060551,1060545,0,1,0
557,Draenor,"Draenor is a savage land, birthplace of the orcish race yet named by draenei refugees hundreds of years ago. For generations, orcs, draenei, and the Gorian ogre imperium all coexisted, though not without strife and territorial skirmishes. Ancient and primal forces of creation and destruction clashed, maintaining equilibrium through violence. This is the world on which Garrosh awoke after his escape. And now, thanks to the Iron Horde and the dark hand of Gul'dan, the fate of two worlds hangs in the balance.",1228,1041969,1041995,1042060,1041985,1,0,0
558,Iron Docks,"On the northern coast of Gorgrond, the Iron Docks represent the heart of the Iron Horde's naval might. Huge warships and artillery, forged and assembled within the Blackrock Foundry, are readied for war within this massive port. The greatest beasts of Draenor are broken and trained alongside elite infantry units, comprising the ground troops that will surge ashore to break the will of any who would dare oppose the Iron Horde.",1195,1060544,1060548,1060552,1060546,0,0,0
559,Upper Blackrock Spire,"The history of this imposing fortress is long and complex. Carved into the fiery core of Blackrock Mountain by the Dark Iron clan centuries ago, and eventually taken by the black dragon Nefarian and his brood, the upper reaches of Blackrock Spire are now home to the Ironmarch vanguard. As preparations to use the Spire as the staging ground for a full-scale invasion of Azeroth continue, the Iron Horde has set up a terrifying contingency plan: a doomsday weapon within the heart of Blackrock Mountain.",1358,1041974,1042000,1042065,1041990,0,0,0
669,Hellfire Citadel,"When Garrosh encouraged Grommash to begin construction of this massive stronghold at the heart of Tanaan Jungle, to serve as a staging ground for the assault of Azeroth, he even suggested the name Hellfire, pulled from a different time and a different land. He dreamed of seeing mighty orcish iron towering over an unblighted landscape, so very different from the wasteland he had known in Outland. But even as times change, so too do they stay the same.",1448,1135117,1135118,136340,1135119,4,0,0
707,Vault of the Wardens,"This secret Warden facility was carved into the mountainside deep in Azsuna, and sealed with magical wards both to keep intruders out, and to ensure that the terrors locked within could never escape. Many of the most dangerous foes the Wardens have encountered were locked away within the Vault, but in the aftermath of Cordana's betrayal and the Legion's attack, those creatures now roam the halls freely.",1493,1411846,1411858,1411870,1411852,0,1,0
716,Eye of Azshara,"Amidst outlying shoals off the coast of Azsuna, an ancient source of power lies beneath the waves. Long ago, the power of Queen Azshara extended throughout these lands, and the naga seeking the Tidestone of Golganneth still act at her behest. As clouds roll in and the air crackles with the energy of an approaching storm, Azshara's followers prepare to summon an incarnation of her Wrath to lay waste to the land.",1456,1498149,1498157,1498161,1498153,0,1,0
721,Halls of Valor,"In the clouds high above Stormheim, the titanic keeper Odyn has called the greatest vrykul warriors of Azeroth to be his Valarjar. Amidst feasting halls and hunting grounds, these ascended vrykul test themselves and prepare for the great war that is to come. Adventurers must pass through these halls and prove their worth if they hope to stand before Odyn and claim the Aegis of Aggramar.",1477,1498150,1498158,1498162,1498154,0,0,0
726,The Arcway,"As vast as the city of Suramar is, the vast network of tunnels beneath the city spans an even greater reach. Nightborne society has grown to depend on the power of the Nightwell, and the Arcway delivers that lifeblood throughout the city. This labyrinthine complex was built thousands of years ago, running beneath the foundations of the city's largest buildings, and most modern citizens live their lives entirely unaware of what may lurk in the shadows beneath their feet....",1516,1411845,1411857,1411869,1411851,0,0,0
727,Maw of Souls,"While the greatest vrykul warriors are spirited away to the Halls of Valor to glory eternal, shiny and gold, the cursed and the damned find themselves on the shores of the Maw of Souls. Amidst fog and mist, they await the Naglfar, a fearsome ship formed from sinew and bone, which comes to deliver these poor souls to Helheim, and the clutches of Helya.",1492,1411844,1411856,1411868,1411850,0,0,0
740,Black Rook Hold,"Carved from the greatest mountain of Val'sharah by ancient elven masons, Black Rook Hold stood as a bulwark against the Burning Legion during the War of the Ancients. The nigh-impregnable fortress is also the ancestral home of Lord Kur'talos Ravencrest, one-time mentor of Illidan himself. But since the latest Legion attack, a strange dark energy emanates from the Hold, and restless dead plague the surrounding lands.",1501,1411841,1411853,1411865,1411847,0,1,0
741,Molten Core,,409,1396460,1396586,136346,1396505,0,0,0
742,Blackwing Lair,,469,1396454,1396580,136329,1396499,1,0,0
743,Ruins of Ahn'Qiraj,,509,1396465,1396591,136320,1396510,2,0,0
744,Temple of Ahn'Qiraj,,531,1396467,1396593,136321,1396512,3,0,0
745,Karazhan,,532,1396458,1396584,136343,1396503,0,0,0
746,Gruul's Lair,,565,1396456,1396582,136337,1396501,1,0,0
747,Magtheridon's Lair,,544,1396459,1396585,136340,1396504,2,0,0
748,Serpentshrine Cavern,,548,608160,608199,136356,608238,3,0,0
749,The Eye,,550,608179,608218,136362,608257,4,0,0
750,The Battle for Mount Hyjal,,534,608159,608198,136330,608237,5,0,0
751,Black Temple,,564,1396453,1396579,136328,1396498,6,0,0
752,Sunwell Plateau,,580,1396466,1396592,136361,1396511,7,0,0
753,Vault of Archavon,,624,1396470,1396596,303841,1396515,0,0,0
754,Naxxramas,,533,1396461,1396587,136347,1396506,1,0,0
755,The Obsidian Sanctum,,615,1396462,1396588,237594,1396507,2,0,0
756,The Eye of Eternity,,616,1396455,1396581,237600,1396500,3,0,0
757,Trial of the Crusader,,649,1396468,1396594,311221,1396513,5,0,0
758,Icecrown Citadel,,631,1396457,1396583,336390,1396502,7,0,0
759,Ulduar,,603,1396469,1396595,304502,1396514,4,0,0
760,Onyxia's Lair,,249,1396463,1396589,329121,1396508,6,0,0
761,The Ruby Sanctum,,724,1396464,1396590,366689,1396509,8,0,0
762,Darkheart Thicket,"In the shadow of Shaladrassil, the Nightmare permeates every inch of the once-lush forest. Where the eldest and greatest druids once tended to the woods, meditating beneath the great world tree, corruption and madness now reign. Deep within the tangled thicket, the Nightmare Lord Xavius works to break the will of his greatest prize.",1466,1411843,1411855,1411867,1411849,0,1,0
767,Neltharion's Lair,"The Earth Warder Neltharion, later known as Deathwing, once called this cavern home. Since his fall, the drogbar that once worshipped the great dragon built their capital within this ancient lair. Now, Dargrul, chieftain of the drogbar, rallies a massive army within these depths. Bolstered by the Hammer of Khaz'goroth, this army will surge from the mountainside if left unchecked, devastating Highmountain and threatening the security of all Azeroth.",1458,1450570,1450574,1450576,1450572,0,1,0
768,The Emerald Nightmare,"The Emerald Dream was created by the titans as a blueprint for Azeroth itself - a verdant and perfect mirror that reflects the state of nature had it remained unspoiled by so-called civilization. For many years, the druids and keepers who are closest to nature have noticed signs of an unsettling presence stirring within the Dream. Spurred on by the Legion and Nightmare Lord Xavius, that creeping corruption has now burst forth, and will engulf all of Azeroth if it is not rooted out at its source.",1520,1452686,1452687,1452699,1452688,2,0,0
777,Assault on Violet Hold,"In the aftermath of the Northrend campaign and the Blue Dragonflight's attack on this Dalaran prison, the Violet Hold was repaired and its cells were repurposed to house some of the most dangerous servants of the Lich King. Now, as Dalaran floats above the Broken Isles as the flagship of the war against the Legion, a shadowy threat once again seeks to strike at Kirin Tor from within.",1544,1498147,1498155,1498159,1498151,0,0,0
786,The Nighthold,"The largest structure in the Broken Isles, and among the grandest in all of Azeroth, the Nighthold stands as a testament to the achievements of the nightborne civilization. Centered around the Nightwell, the fount of arcane power that has sustained Suramar for centuries, these grounds were built as a haven from the worries of the world. But as a felstorm churns above the former temple of Elune across the bay, and Gul'dan himself now resides within the palace's walls, those worries now begin, not end, here.",1530,1450571,1450575,1450577,1450573,4,0,0
800,Court of Stars,"Even as Legion troops patrol the streets, casting a pall over the grand city of Suramar, the socialites of the Nightborne nobility continue to cling to custom and routine. On this clear night, the cry of revelers echoes through the chill air, as the largest mansion in the Noble District opens its doors for a grand gala. Rumor has it that Grand Magistrix Elisande herself may be making an appearance, in an effort to reassure several of her closest allies despite recent turmoil.",1571,1498148,1498156,1498160,1498152,0,1,0
822,Broken Isles,"This area once stood as the cradle of elven civilization, centered around the ancient elven capital of Suramar, until the Sundering tore the land apart. While the power of the Nightwell preserved the city of Suramar, the surrounding lands bear the scars of that catastrophic event. But now Gul'dan has awakened the Tomb of Sargeras, and from the tauren camps in the peaks of Highmountain, to the druidic groves of Val'sharah, to vrykul settlements that dot Stormheim, the Isles live in the shadow of the Legion.",1520,1411842,1411854,1411866,1411848,1,2,0
860,Return to Karazhan,"From the moment of its mysterious creation, the purpose of this dark tower has been intertwined with the history of the Guardians of Tirisfal, once Azeroth's greatest bulwark against the Legion. It is now best known as the home of Medivh, who tragically betrayed Azeroth and brought the unbroken chain of Guardians to an end. This legacy makes Karazhan a place of particular interest for the Legion, who have descended in full force in an effort to open a new front in their war on the denizens of Azeroth.",1651,1537279,1537283,1537287,1537281,0,0,0
861,Trial of Valor,"Since Loken's betrayal, Odyn has been trapped within the Halls of Valor as Helya plots in the shadows to claim the souls of his valarjar champions. In recent days, however, great heroes have arrived in the lands of Stormheim in the Legion's wake. Hoping that their might and determination could tip the scales and end Helya's reign, Odyn summons these champions for a final test.",1648,1537280,1537284,1537288,1537282,3,0,0
875,Tomb of Sargeras,"Aegwynn used this sacred temple of Elune to lock away the defeated Sargeras' avatar. She hoped it would remain dormant, buried deep within the earth, but the lure of power has continued to draw foul entities to this site. When Gul'dan re-entered the tomb, he tore down Aegwynn's wards and opened a doorway for the Legion to invade. Now, the fel army tears at the vault, hoping to reclaim their master's power.",1676,1616104,1616106,1616207,1616105,5,0,0
900,Cathedral of Eternal Night,"The upper chambers of the Tomb of Sargeras were once a place of worship to Elune. Since the Legion's invasion, fel minions have desecrated this holy place, twisting it into their own image. Now, this site will host a battle that could turn the tide of the invasion. While the Armies of Legionfall engage the fel army directly, a small group of heroes infiltrates the upper reaches of the cathedral in a desperate hope to return the Aegis of Aggramar to its resting place.",1677,1616892,1616922,1616925,1616920,0,0,0
945,Seat of the Triumvirate,"Argus was governed from the gleaming halls of the Seat of the Triumvirate--until the eredar struck their unholy bargain with Sargeras. Enraged by Velen's defiant exodus, Kil'jaeden decreed that the Seat should be abandoned as a symbol of an irrelevant past... for the Legion had become their future.

Its once-gleaming halls now fallen into shadow, the Seat radiates a dark power that has drawn those seeking to harness the might of the Void and unleash it upon their enemies.",1753,1718202,1718213,1718526,1718205,0,0,0
946,"Antorus, the Burning Throne","At the core of Argus lies Antorus, the Burning Throne. From this seat of power, Sargeras drives his burning crusade to ravage the cosmos.

Within the Throne's nigh-impenetrable depths, primordial powers are being forged into weapons of utter annihilation. Should these forces rise to serve their master, the final hour will fall upon all of creation.",1712,1718200,1718211,1718524,1718203,6,0,0
959,Invasion Points,"From its stronghold on Argus, the Legion employs a vast array of portals to spread across the cosmos like a plague. Countless worlds have been plundered for resources, their inhabitants forced to serve the Dark Titan or endure a slow, agonizing death.

Unless these worlds can be liberated, the Burning Crusade will consume everything it touches and leave the universe in ashes.",1520,1718201,1718212,1718525,1718204,6,2,0
968,Atal'Dazar,"For millennia, the Zandalari kings were laid to rest within the tombs of Atal'Dazar, secluded high atop the mountain Mugamba. These pyramids grew more elaborate with each passing ruler, as new rooms were constructed to house the deceased's vast wealth. Now, these once pristine halls have been corrupted by the Prophet Zul and his trusted lieutenant, Yazma, who seek to twist the power of these ancient kings for their own dark machinations.",1763,1778888,1778892,1778896,1778890,0,0,0
1001,Freehold,"Freehold has traditionally served as a haven for pirates, scoundrels, and those who wish to live free of Kul Tiran control. Now, the Irontide Raiders have brought the city under their harsh rule and are coercing the various pirate crews under their banner. While the pirates gather, a small group of heroes must infiltrate the town and eliminate their leadership to dissolve this growing alliance of cutthroats.",1754,1778889,1778893,1778897,1778891,0,0,0
1002,Tol Dagor,"Once a highly maintained prison, Tol Dagor has since been purchased and run by the Ashvane Company. Now, it serves as indefinite holding for any who would oppose the Ashvane Trading Company.",1771,2177519,2178276,2178737,2177730,0,0,0
1012,The MOTHERLODE!!,"The Isle of Kezan, rent asunder by the eruption of Mount Kajaro, is now brimming with Azerite in the aftermath of Sargeras' assault on Azeroth. Seeking to make a fortune and stake his claim to the title of Trade Prince, Mogul Razdunk has focused the Venture Company's efforts on weaponizing Azerite and selling it to the highest bidder.",1594,2177517,2178274,2178735,2177728,0,0,0
1021,Waycrest Manor,"Once the palatial estate of the Drustvar's ruling family, Waycrest Manor now serves as the focus of dark rumors since the Lord and Lady inexplicably locked themselves within its halls. Stories of foul rituals, people disappearing in the night, and horrible screams coming from within the home are common among the townsfolk. Amid all these whispers, only one thing is known, something evil has taken root within the Waycrest grounds.",1862,2177521,2178278,2178742,2177732,0,0,0
1022,The Underrot,"Deep within the swamps of Nazmir, a blight grows beneath the surface. Unless this corruption is purged immediately, its influence will spread across the land like a ravenous plague, leaving behind nothing but a festering world.",1841,2177518,2178275,2178736,2177729,0,0,0
1023,Siege of Boralus,"Lady Ashvane has unleashed her fury against the capital city's waning defenses. As Boralus burns, a small group of heroes must quell the rising chaos and put an end to Ashvane's plan to dominate the region.",1822,2177515,2178272,2178733,2177726,0,0,0
1028,Azeroth,"While many of the greatest threats to peace in Azeroth are locked away in ancient vaults or perched atop soaring fortresses, others walk brazenly beneath the open sky. As self-preservation drives the wise to seek shelter from these terrors, glory awaits any brave heroes who wish to test their mettle against the most powerful of foes.",1861,2177522,2178279,2178743,2177733,1,2,0
1030,Temple of Sethraliss,"Centuries ago, Sethraliss, a powerful snake loa, sacrificed herself to stop Mythrax from unleashing his master upon Azeroth. After the battle, her devoted followers transported her remains and built a temple around them while they awaited her rebirth. Now, a dark force stirs within this sacred temple that seeks to twist her power towards nefarious ends.",1877,2177516,2178273,2178734,2177727,0,0,0
1031,Uldir,"Millennia ago, seeking to understand the nature of their eternal foe, the titans constructed this sprawling underground facility to research and quarantine captured specimens. They hoped that by studying the void energy that bound the Old Gods, probing it for weaknesses and reactions, they could find some way to neutralize it. They were horribly, horribly wrong. The facility was sealed away, so that the horrors within would never be unleashed upon Azeroth. But now those seals have broken....",1861,2177520,2178277,2178738,2177731,2,0,0
1036,Shrine of the Storm,"The Shrine of the Storm is a seat of power for both House Stormsong and the tidesages alike. Here, blessings upon the fleet are performed to ensure that the Kul Tiran fleet knows no equals in combat. Yet, a dark force has corrupted these sacred ground and threatens to steal control of the Kul Tiran Fleet forever.",1864,2177514,2178271,2178732,2177725,0,0,0
1041,Kings' Rest,"Few places in Zandalar are more sacred than Kings' Rest. Every king, conqueror, or tyrant who has held control of the Zandalari empire is housed within this great city of the dead to protect and honor not only their bodies, but also their spirits.

Entry has historically been restricted solely to the Zandalari priesthood and royalty, but as Zul's dark magic winds its way through the tomb you must venture inside and put an end to the darkness that has found purchase there.",1762,2177512,2178269,2178730,2177723,0,0,0
1176,Battle of Dazar'alor,"For ages untold, Dazar'alor has stood at the center of the great and powerful Zandalari empire. Its guards have thwarted numerous attempts on King Rastakhan's life, and it has endured trials both ancient and new. But as war reaches the shores of Zuldazar, the Alliance embarks on a daring gambit to besiege the golden pyramid and sever the Zandalari's bond to the Horde.",2070,2482731,2482729,2482693,2482732,3,0,0
1177,Crucible of Storms,"A long-submerged evil stirs beneath the Shrine of the Storm. The whispers that drove Lord Stormsong to madness echo within the depths, a siren song of eldritch power. Those who listen and obey prepare dark rituals to carry out their master's will. Whatever nightmarish schemes fuel their fanatical devotion, one thing is certain: they must be stopped.",2096,2498192,2498193,2498195,2498194,4,0,0
1178,Operation: Mechagon,"Prince Erazmin leads a group of unlikely allies on a desperate mission into the heart of Mechagon. In a race against time, they must overcome King Mechagon's army of mechanized monstrosities and defeat the mad genius before his doomsday device purges all organic life from Azeroth.",2097,3025319,3025325,3025336,3025327,0,0,0
1179,The Eternal Palace,"Ten thousand years ago, as the seas engulfed Zin-Azshari, Queen Azshara forged a dark bargain with N'Zoth that transformed her loyal subjects into the sinister naga. Through millennia of brutal conquest, Azshara has built a new empire from the ruins of the old and now holds dominion over the depths that once threatened to claim her. Ever the gracious host, she has invited the Alliance and Horde alike into her eternal palace to witness her glorious ascension... and their ultimate demise.",2164,3025318,3025320,3025335,3025326,5,0,0
1180,"Ny'alotha, the Waking City","Ny'alotha, the Sleeping City, has awakened. Under N'Zoth's command, the armies of the Black Empire threaten to engulf the world and reshape it according to their master's vision. Only one hope remains: using the repaired titan forges to eradicate the Corruptor once and for all. But in order to target N'Zoth with the forges' power, the champions of Azeroth must venture deep into the horrific realm for one final confrontation against the Old God.",2217,3221462,3221463,3221466,3221464,6,0,0
1182,The Necrotic Wake,"In an unthinkable act of treachery, forces from Maldraxxus, the realm charged with defending the Shadowlands, have invaded the Temple of Courage. They have pillaged anima and taken slaughtered kyrian to fuel their dark practices. If left unchecked, the necrotic forces of the necropolis Zolramas will pillage Bastion leaving destruction in their wake.",2286,3759900,3759910,3759930,3759920,0,0,0
1183,Plaguefall,"Underneath the ruined House of Plagues, lies one of the most destructive forces Maldraxxus has ever known. Those who covet this power search the plague-ridden debris in a race to claim this weapon for themselves. Whoever captures this prize will hold the fate of the Shadowlands in their clutches.",2289,3759901,3759911,3759931,3759921,0,0,0
1184,Mists of Tirna Scithe,"The lush grove called Tirna Scithe has ever been diligently protected by the fae folk, for it is a sacred place said to hold ancient secrets. Legends warn that an unwary traveler might find themselves lost for an eternity wandering its countless mist-shrouded paths. But as drought depletes the forests of Ardenweald, enemies seek to plunder the grove's potent magic. Even the realm's native denizens are driven by hunger and desperation to consume that which the Winter Queen holds most dear.",2290,3759899,3759909,3759929,3759919,0,0,0
1185,Halls of Atonement,"Under the Accuser, the Halls of Atonement were a tribute to Revendreth's mission. While the halls rang with suffering and sin, it was all directed to redeeming the souls and keeping them from falling into the Maw. But the recently promoted Lord Chamberlain has bent the hall's purpose to selfish reaping of anima, often to the point of leaving souls unable to be redeemed. Someone will have to put an end to the depravity that has grown within these walls.",2287,3759898,3759908,3759928,3759918,0,0,0
1186,Spires of Ascension,"Floating among the clouds and representing the pinnacle of kyrian ideals, the Spires of Ascension is the Archon's seat of power. Unquestioned and unchallenged for countless eons, the ruler of Bastion has always embodied the virtues of duty and service. But with drought and instability causing fractures in the belief system of the Ascended, the Archon's reign faces an unimaginable peril as one of her most trusted followers falls under the sway of the darkest of evils.",2285,3759903,3759913,3759933,3759923,0,0,0
1187,Theater of Pain,"In Maldraxxus you must constantly be tested and measured as the best to defend the Shadowlands. The best place to prove yourself is the Theater of Pain. Throngs of contenders face off for the hope of facing one of the champions. Brutality! Mayhem! Violence! And of course Pain! Only the strongest become champions of their house, and only one can be the strongest.",2293,3759904,3759914,3759934,3759924,0,0,0
1188,De Other Side,"Bwonsamdi has kept a secret place in the Shadowlands he refers to as De Other Side. When the dead started funneling into the Maw, Bwonsamdi hid several souls in his little domain, keeping his troll followers safe. But this broke an old deal with Mueh'zala and now the ancient loa has come to harvest those souls and destroy their caretaker. Bwonsamdi will need help collecting on some of his other dealings if he is to survive this onslaught and protect the souls within.",2291,3759905,3759915,3759935,3759925,0,0,0
1189,Sanguine Depths,"Far below Castle Nathria lies the Sanguine Depths, a prison created to house Sire Denathrius's most intriguing dissidents. Prisoners here are kept for eons, drained of their anima for research and study. The Sinfall resistance knows of a particular prisoner here that could help tip the balance of their fight with Sire Denathrius to their favor, and have asked for assistance in extracting them.",2284,3759902,3759912,3759932,3759922,0,0,0
1190,Castle Nathria,"Long has Sire Denathrius ruled the denizens of Revendreth as they harvested anima from prideful souls. But as drought and fear gripped the Shadowlands, Denathrius revealed his true loyalties. In defiance of his former Master, the noble Prince Renathal gathers his few remaining allies for a desperate mission to infiltrate Castle Nathria and remove Denathrius from power.",2296,3759896,3759906,3759926,3759916,2,0,0
1192,Shadowlands,"The Shadowlands are the lands beyond the mortal realm of Azeroth, where the souls of the dead travel to upon passing. The Arbiter, a being of great power, once guided these souls to one of many different afterlives. Now, all souls are being sent to the Maw, a place of eternal torment. The denizens of the Shadowlands, from the peaceful Kyrians of Bastion and the Night Fae of Ardenweald to the cunning Venthyr of Revendreth and warlike Necrolords of Maldraxxus, must now come together to stem the flow of souls.",2559,3850568,3850569,3850571,3850570,1,2,0
1193,Sanctum of Domination,"For eons the Jailer was bound within The Maw. Now, his endless armies gather as he expands its boundaries to consume Oribos. In the face of annihilation, Bolvar marshals his last remaining allies to charge into the heart of Torghast and confront the Jailer where he is most powerful.",2450,4182018,4182020,4181530,4182023,3,0,0
1194,"Tazavesh, the Veiled Market",The ruthless cartel boss So'leah means to conduct a heist that spans the realms in order to claim Progenitor secrets. Her only opposition is the disgraced broker Al'dalil and his ragtag crew who must navigate the mysterious Veiled Market and stop So'leah before she claims this forbidden power.,2441,4182019,4182022,4181531,4182024,0,0,0
1195,Sepulcher of the First Ones,"The Jailer has breached the Sepulcher, the mysterious heart of the Shadowlands. Should he control its primordial power, he will reshape the cosmos with Death at the fore. As Zovaal prepares to dominate reality, champions of Azeroth charge forth to stop him. Will their resolve outmatch his?",2481,4423751,4423752,4423750,4425895,4,0,0
