ID,Message_lang,DifficultyID,LockID,ResetInterval,MaxPlayers,ItemContext,ItemContextPickerID,Flags,ContentTuningID,MapID
2,,0,0,0,0,0,0,0,0,1
3,,0,0,0,0,0,0,0,0,13
4,,0,0,0,0,0,0,0,0,25
6,,0,0,0,0,0,0,0,0,30
7,You must be at least level 11 to enter.,1,0,0,5,0,0,0,213,33
8,You must be at least level 15 to enter.,1,0,0,5,0,0,0,215,34
9,,0,0,0,0,0,0,0,0,35
10,You must be at least level 10 to enter.,1,0,0,5,0,0,0,202,36
11,,0,0,0,0,0,0,0,0,37
12,,0,0,0,0,0,0,0,0,42
13,You must be at least level 10 to enter.,1,0,0,5,0,0,0,193,43
14,,1,0,0,10,0,0,0,0,44
15,You must be at least level 25 to enter.,1,0,0,5,0,0,0,208,47
16,You must be at least level 15 to enter.,1,0,0,5,0,0,0,200,48
17,You must be at least level 30 to enter.,1,0,0,5,0,0,0,217,70
18,You must be at least level 19 to enter.,1,0,0,5,0,0,0,204,90
19,You must be at least level 45 to enter.,1,0,0,5,0,0,0,216,109
20,You must be at least level 35 to enter.,1,0,0,5,0,0,0,209,129
21,,9,0,0,40,0,0,0,0,169
22,You must be at least level 20 to enter.,1,0,0,5,0,0,0,211,189
23,You must be at least level 39 to enter.,1,0,0,5,0,0,0,218,209
24,You must be at least level 48 to enter.,1,0,0,5,0,0,0,205,229
25,You must be at least level 42 to enter.,1,0,0,5,0,0,0,201,230
26,You must be level 80 to enter.,3,0,2,10,0,0,0,1022,249
27,You must be at least level 65 to enter.,1,0,0,5,0,0,0,227,269
28,You must be at least level 33 to enter.,1,0,0,5,0,0,0,212,289
29,,1,0,0,0,0,0,0,1003,309
30,You must be at least level 37 to enter.,1,0,0,5,0,0,0,214,329
31,You must be at least level 25 to enter.,1,0,0,5,0,0,0,281,349
32,,0,0,0,0,0,0,0,0,369
33,You must be at least level 10 to enter.,1,0,0,5,0,0,0,207,389
34,You must be at least level 50 to enter.,9,0,2,40,0,0,0,1004,409
35,You must be at least level 31 to enter.,1,0,0,5,0,0,0,203,429
36,,0,0,0,0,0,0,0,0,449
37,,0,0,0,0,0,0,0,0,450
38,,0,0,0,0,0,0,0,0,451
39,You must be level 50 to enter.,9,0,2,40,0,0,0,1005,469
40,,0,0,0,0,0,0,0,0,489
41,,3,0,1,10,0,0,0,1006,509
42,,0,0,0,0,0,0,0,0,529
43,,0,0,0,0,0,0,0,0,530
44,You must be at least level 50 to enter.,9,0,2,40,0,0,0,1007,531
45,You must be at least level 68 to enter.,3,0,2,10,0,0,0,1008,532
46,You must be at least level 80 to enter.,3,0,2,10,0,0,0,1017,533
47,You must be at least level 70 to enter.,4,0,2,25,0,0,0,1013,534
48,You must be at least level 65 to enter.,1,0,0,5,0,0,0,231,540
49,You must be at least level 58 to enter.,1,0,0,5,0,0,0,228,542
50,You must be at least level 57 to enter.,1,0,0,5,0,0,0,220,543
51,You must be at least level 70 to enter.,4,0,2,25,0,0,0,1010,544
52,You must be at least level 65 to enter.,1,0,0,5,0,0,0,233,545
53,You must be at least level 60 to enter.,1,0,0,5,0,0,0,234,546
54,You must be at least level 59 to enter.,1,0,0,5,0,0,0,232,547
55,You must be at least level 70 to enter.,4,0,2,25,0,0,0,1011,548
56,You must be level 70 and in a raid group to enter.,4,0,2,25,0,0,0,1012,550
57,You must be at least level 65 to enter.,1,0,0,5,0,0,0,226,552
58,You must be at least level 65 to enter.,1,0,0,5,0,0,0,229,553
59,You must be at least level 65 to enter.,1,0,0,5,0,0,0,230,554
60,You must be at least level 65 to enter.,1,0,0,5,0,0,0,225,555
61,You must be at least level 63 to enter.,1,0,0,5,0,0,0,224,556
62,You must be at least level 61 to enter.,1,0,0,5,0,0,0,222,557
63,You must be at least level 62 to enter.,1,0,0,5,0,0,0,219,558
64,,0,0,0,0,0,0,0,0,559
65,You must be at least level 63 to enter.,1,0,0,5,0,0,0,223,560
66,,0,0,0,0,0,0,0,0,562
68,You must be at least level 70 to enter.,4,0,2,25,0,0,0,1009,565
69,,0,0,0,0,0,0,0,0,566
70,Zul'Aman is only available as a Heroic Difficulty level 85 Cataclysm dungeon.,1,0,0,5,0,0,0,261,568
71,,0,0,0,0,0,0,0,0,571
72,,0,0,0,0,0,0,0,0,572
73,,0,0,0,0,0,0,0,0,573
74,You must be at least level 67 to enter.,1,0,0,5,0,0,0,249,574
75,,1,0,0,5,0,0,0,250,575
76,You must be at least level 68 to enter.,1,0,0,5,0,0,0,245,576
77,You must be at least level 75 to enter.,1,0,0,5,0,0,0,246,578
78,You must be level 70 to enter.,4,0,2,25,0,0,0,1015,580
79,,0,0,0,0,0,0,0,0,582
80,,0,0,0,0,0,0,0,0,584
81,You must be at least level 65 to enter.,1,0,0,5,0,0,0,221,585
82,,0,0,0,0,0,0,0,0,586
83,,0,0,0,0,0,0,0,0,587
84,,0,0,0,0,0,0,0,0,588
85,,0,0,0,0,0,0,0,0,589
86,,0,0,0,0,0,0,0,0,590
87,,0,0,0,0,0,0,0,0,591
88,,0,0,0,0,0,0,0,0,592
89,,0,0,0,0,0,0,0,0,593
90,,0,0,0,0,0,0,0,0,594
91,You must be at least level 75 to enter.,1,0,0,5,0,0,0,243,595
92,,0,0,0,0,0,0,0,0,596
93,,0,0,0,0,0,0,0,0,597
94,,1,0,0,5,0,0,0,0,598
95,You must be at least level 74 to enter.,1,0,0,5,0,0,0,241,599
96,You must be at least level 71 to enter.,1,0,0,5,0,0,0,237,600
97,You must be at least level 69 to enter.,1,0,0,5,0,0,0,236,601
98,You must be at least level 75 to enter.,1,0,0,5,0,0,0,239,602
100,You must be at least level 73 to enter.,1,0,0,5,0,0,0,238,604
102,,0,0,0,0,0,0,0,0,606
103,,0,0,0,0,0,0,0,0,607
104,You must be at least level 72 to enter.,1,0,0,5,0,0,0,247,608
105,,0,0,0,0,0,0,0,0,609
106,,0,0,0,0,0,0,0,0,610
107,,0,0,0,0,0,0,0,0,612
108,,0,0,0,0,0,0,0,0,613
109,,0,0,0,0,0,0,0,0,614
110,You must be at least level 80 to enter.,3,0,2,10,0,0,0,1018,615
111,You must be at least level 80 and in a raid group to enter.,3,0,2,10,0,0,0,1019,616
112,,0,0,0,0,0,0,0,0,617
113,,0,0,0,0,0,0,0,0,618
114,You must be at least level 70 to enter.,1,0,0,5,0,0,0,235,619
115,,0,0,0,0,0,0,0,0,620
116,,0,0,0,0,0,0,0,0,621
117,,0,0,0,0,0,0,0,0,622
118,,0,0,0,0,0,0,0,0,623
119,"You must be at least level 80, in control of Wintergrasp and in a raid group to enter.",3,0,2,10,0,0,0,1016,624
120,,0,0,0,0,0,0,0,0,628
121,,0,0,0,0,0,0,0,0,641
122,,0,0,0,0,0,0,0,0,642
123,,0,0,0,0,0,0,0,0,647
124,You must be at least level 80 to enter.,3,0,2,10,0,0,0,1021,649
125,You must be at least level 75 to enter.,1,0,0,5,0,0,0,248,650
127,You must be at least level 65 to enter on Heroic Difficulty.,2,0,1,5,0,0,0,1071,269
128,You must be at least level 80 to enter.,4,0,2,25,0,0,0,1017,533
129,You must be at least level 65 to enter on Heroic Difficulty.,2,0,1,5,0,0,0,1075,540
130,You must be at least level 58 to enter on Heroic Difficulty.,2,0,1,5,0,0,0,1072,542
131,You must be at least level 57 to enter on Heroic Difficulty.,2,0,1,5,0,0,0,1065,543
132,You must be at least level 65 to enter on Heroic Difficulty.,2,0,1,5,0,0,0,1077,545
133,You must be at least level 60 to enter on Heroic Difficulty.,2,0,1,5,0,0,0,1078,546
134,You must be at least level 59 to enter on Heroic Difficulty.,2,0,1,5,0,0,0,1076,547
135,You must be at least level 65 to enter on Heroic Difficulty.,2,0,1,5,0,0,0,1070,552
136,You must be at least level 65 to enter on Heroic Difficulty.,2,0,1,5,0,0,0,1073,553
137,You must be at least level 65 to enter on Heroic Difficulty.,2,0,1,5,0,0,0,1074,554
138,You must be at least level 65 to enter on Heroic Difficulty.,2,0,1,5,0,0,0,1069,555
139,You must be at least level 63 to enter on Heroic Difficulty.,2,0,1,5,0,0,0,1068,556
140,You must be at least level 61 to enter on Heroic Difficulty.,2,0,1,5,0,0,0,1066,557
141,You must be at least level 62 to enter on Heroic Difficulty.,2,0,1,5,0,0,0,1064,558
142,You must be at least level 63 to enter on Heroic Difficulty.,2,0,1,5,0,0,0,1067,560
143,Heroic Difficulty requires you to be level 80.,2,0,1,5,0,0,0,1091,574
144,Heroic Difficulty requires you to be level 80.,2,0,1,5,0,0,0,1090,575
145,Heroic Difficulty requires you to be level 80.,2,0,1,5,0,0,0,1094,576
146,Heroic Difficulty requires you to be level 80.,2,0,1,5,0,0,0,1093,578
147,You must be at least level 65 to enter on Heroic Difficulty.,2,0,1,5,0,0,0,1079,585
148,Heroic Difficulty requires you to be level 80.,2,0,1,5,0,0,0,1095,595
149,Heroic Difficulty requires the Sunforged Key[PH].,2,0,1,0,0,0,0,0,598
150,Heroic Difficulty requires you to be level 80.,2,0,1,5,0,0,0,1096,599
151,Heroic Difficulty requires you to be level 80.,2,0,1,5,0,0,0,1099,600
152,Heroic Difficulty requires you to be level 80.,2,0,1,5,0,0,0,1100,601
153,Heroic Difficulty requires you to be level 80.,2,0,1,5,0,0,0,1097,602
155,Heroic Difficulty requires you to be level 80.,2,0,1,5,0,0,0,1098,604
156,Heroic Difficulty requires you to be level 80.,2,0,1,5,0,0,0,1092,608
157,You must be at least level 80 to enter.,4,0,2,25,0,0,0,1018,615
158,You must be at least level 80 and in a raid group to enter.,4,0,2,25,0,0,0,1019,616
159,Heroic Difficulty requires you to be level 80.,2,0,1,5,0,0,0,1101,619
160,"You must be at least level 80, in control of Wintergrasp and in a raid group to enter.",4,0,2,25,0,0,0,1016,624
161,You must be at least level 80 to enter.,4,0,2,25,0,0,0,1021,649
162,Heroic Difficulty requires you to be level 80.,2,0,1,5,0,0,0,1089,650
221,You must be at least level 80 to enter.,5,0,2,10,0,0,0,1988,649
222,You must be at least level 80 to enter.,6,0,2,25,0,0,0,1988,649
323,You must be level 80 and in a raid group to enter.,4,0,2,25,0,0,0,1022,249
341,"You must complete the quest ""Deliverance from the Pit"" before entering the Halls of Reflection.",1,0,0,5,0,0,0,240,668
342,"You must complete the quest ""Deliverance from the Pit"" and be level 80 before entering the Heroic difficulty of the Halls of Reflection.",2,0,1,5,0,0,0,1088,668
343,You must be at least level 85 and in a raid group to enter.,3,0,2,10,0,0,0,1026,669
344,You must be at least level 85 and in a raid group to enter.,4,0,2,25,0,0,0,1026,669
345,You must be at least level 83 to enter.,1,0,0,5,0,0,0,253,670
346,Heroic Difficulty requires you to be level 85.,2,0,1,5,0,0,0,1118,670
347,You must be at least level 85 to enter.,3,0,2,10,0,0,0,1027,671
348,You must be at least level 85 to enter.,4,0,2,25,0,0,0,1027,671
481,You must be at least level 75 to enter.,1,0,0,5,0,0,0,244,632
482,Heroic Difficulty requires you to be level 80.,2,0,1,5,0,0,0,1086,632
483,You must be level 75 to enter.,1,0,0,5,0,0,0,242,658
484,You must be level 80 before entering the Heroic difficulty of the Pit of Saron.,2,0,1,5,0,0,0,1087,658
485,You must be at least level 80 to enter.,3,0,2,10,0,0,0,1023,631
486,You must be at least level 80 to enter.,4,0,2,25,0,0,0,1023,631
487,You must have defeated The Lich King in the 10 Player raid before attempting 10 Player Heroic difficulty.,5,0,2,10,0,0,0,1989,631
488,You must have defeated The Lich King in the 25 Player raid before attempting 25 Player Heroic difficulty.,6,0,2,25,0,0,0,1989,631
641,,0,0,0,0,0,0,0,0,713
642,,0,0,0,0,0,0,0,0,712
661,,0,0,0,0,0,0,0,0,646
662,,0,0,0,0,0,0,0,0,638
663,,0,0,0,0,0,0,0,0,654
664,,0,0,0,0,0,0,0,0,648
701,,0,0,0,0,0,0,0,0,718
721,,0,0,0,0,0,0,0,0,719
742,,1,0,0,0,0,0,0,0,721
744,,0,0,0,0,0,0,0,0,723
745,You must be at least level 77 to enter.,1,0,0,5,0,0,0,259,643
746,You must be at least level 83 to enter.,1,0,0,5,0,0,0,254,644
747,You must be at least level 77 and have the Cataclysm expansion installed to enter.,1,0,0,5,0,0,0,251,645
748,Heroic Difficulty requires you to be level 85.,2,0,1,5,0,0,0,1117,644
749,Heroic Difficulty requires you to be level 85.,2,0,1,5,0,0,0,1119,645
750,You must be at least level 80 to enter.,3,0,2,10,0,0,0,1024,724
751,You must be at least level 80 to enter.,4,0,2,25,0,0,0,1024,724
752,You must be at least level 80 to enter.,5,0,2,10,0,0,0,1990,724
753,You must be at least level 80 to enter.,6,0,2,25,0,0,0,1990,724
754,You must be at least level 80 to enter.,1,0,0,5,0,0,0,257,725
755,Heroic Difficulty requires you to be level 85.,2,0,1,5,0,0,0,1115,725
756,,0,0,0,0,0,0,0,0,726
757,,0,0,0,0,0,0,0,0,727
768,,0,0,0,0,0,0,0,0,730
769,,0,0,0,0,0,0,0,0,731
770,,0,0,0,0,0,0,0,0,732
773,You must have completed the Blackwing Descent achievement before attempting Heroic difficulty.,5,0,2,10,0,0,0,1991,669
774,You must have completed the Blackwing Descent achievement before attempting Heroic difficulty.,6,0,2,25,0,0,0,1991,669
776,,0,0,0,0,0,0,0,0,736
781,,0,0,0,0,0,0,0,0,674
782,,0,0,0,0,0,0,0,0,738
783,,0,0,0,0,0,0,0,0,739
784,,0,0,0,0,0,0,0,0,740
785,,0,0,0,0,0,0,0,0,741
786,,0,0,0,0,0,0,0,0,651
787,,0,0,0,0,0,0,0,0,742
788,,0,0,0,0,0,0,0,0,743
792,,0,0,0,0,0,0,0,0,746
793,,0,0,0,0,0,0,0,0,747
794,,0,0,0,0,0,0,0,0,656
795,,0,0,0,0,0,0,0,0,655
796,,0,0,0,0,0,0,0,0,660
797,,0,0,0,0,0,0,0,0,748
800,You must be at least level 80 to enter.,1,0,0,5,0,0,0,258,657
801,,0,0,0,0,0,0,0,0,749
802,,0,0,0,0,0,0,0,0,750
803,,0,0,0,0,0,0,0,0,751
804,,0,0,0,0,0,0,0,0,752
805,,0,0,0,0,0,0,0,0,753
806,Heroic Difficulty requires you to be level 85.,2,0,1,5,0,0,0,1113,643
809,You must be at least level 85 and in a raid group to enter.,3,0,2,10,0,0,0,1028,754
810,You must be at least level 85 and in a raid group to enter.,4,0,2,25,0,0,0,1028,754
813,"You must be at least level 85, in control of Tol Barad and in a raid group to enter.",3,0,2,10,0,0,0,1025,757
814,"You must be at least level 85, in control of Tol Barad and in a raid group to enter.",4,0,2,25,0,0,0,1025,757
816,You must be at least level 83 to enter.,1,0,0,5,0,0,0,256,755
817,Heroic Difficulty requires you to be level 85.,2,0,1,5,0,0,0,1114,657
818,,0,0,0,0,0,0,0,0,759
819,,0,0,0,0,0,0,0,0,760
820,,0,0,0,0,0,0,0,0,761
821,Heroic Difficulty requires you to be level 85.,2,0,1,5,0,0,0,1116,755
823,You must have completed The Bastion of Twilight achievement before attempting Heroic difficulty.,5,0,2,10,0,0,0,1992,671
824,You must have completed The Bastion of Twilight achievement before attempting Heroic difficulty.,6,0,2,25,0,0,0,1992,671
827,,0,0,0,0,0,0,0,0,762
828,,0,0,0,0,0,0,0,0,763
829,Heroic Difficulty requires you to be level 85.,2,0,1,5,0,0,0,1199,36
831,You must have completed the Throne of the Four Winds achievement before attempting Heroic difficulty.,5,0,2,10,0,0,0,1993,754
832,You must have completed the Throne of the Four Winds achievement before attempting Heroic difficulty.,6,0,2,25,0,0,0,1993,754
835,,0,0,0,0,0,0,0,0,764
837,,2,0,0,5,0,0,0,0,734
838,,1,0,0,5,0,0,0,0,734
839,Heroic Difficulty requires you to be level 85.,2,0,1,5,0,0,0,1184,33
840,,0,0,0,0,0,0,0,0,765
841,,0,0,0,0,0,0,0,0,766
842,,0,0,0,0,0,0,0,0,767
1580,,2,0,0,0,0,0,0,0,721
1599,,2,0,0,0,0,0,0,1186,189
1611,,2,0,0,0,0,0,0,1003,309
1645,Zul'Gurub is only available as a Heroic Difficulty level 85 dungeon.,1,0,0,5,0,0,0,262,859
1646,Heroic Difficulty requires you to be level 85.,2,0,1,5,0,0,0,1111,859
1648,,0,0,0,0,0,0,0,0,860
1649,,0,0,0,0,0,0,0,0,861
1667,,0,0,0,0,0,0,0,0,870
1690,Heroic Difficulty requires level 85 to enter.,2,0,1,5,0,0,0,1112,568
1820,Heroic Difficulty requires you to be level 85.,2,0,1,5,0,0,0,1110,938
1822,Heroic Difficulty requires you to be level 85 and have earned the Heroic: End Time achievement.,2,0,1,5,0,0,0,1108,939
1824,Heroic Difficulty requires you to be level 85 and have earned the Heroic: Well of Eternity achievement.,2,0,1,5,0,0,0,1109,940
1846,,1,0,0,1,0,0,0,303,951
1847,,2,0,0,0,0,0,0,0,951
1863,You must be at least level 87 to enter.,1,0,0,5,0,0,0,265,959
1864,You must be at least level 90 to enter.,2,0,1,5,0,0,0,1129,959
1865,You must be at least level 85 to enter.,1,0,0,5,0,0,0,268,960
1866,Heroic Difficulty requires you to be level 90.,2,0,1,5,0,0,0,1126,960
1867,You must be at least level 85 to enter.,1,0,0,5,0,0,0,267,961
1868,Heroic Difficulty requires you to be level 90.,2,0,1,5,0,0,0,1127,961
1869,Gate of the Setting Sun is only available as a Heroic Difficulty level 90 dungeon.,1,0,0,5,0,0,0,263,962
1870,Heroic Difficulty requires you to be level 90.,2,0,1,5,0,0,0,1131,962
1875,You must be at least level 85 and in a raid group to enter.,3,0,2,10,0,0,0,1030,967
1876,You must be at least level 85 and in a raid group to enter.,4,0,2,25,0,0,0,1030,967
1877,,0,0,0,0,0,0,0,0,968
1892,,0,0,0,0,0,0,0,0,971
1893,,0,0,0,0,0,0,0,0,972
1896,,0,0,0,0,0,0,0,0,974
1897,,0,0,0,0,0,0,0,0,975
1898,,0,0,0,0,0,0,0,0,976
1902,,1,0,0,0,0,0,0,0,977
1903,,2,0,0,0,0,0,0,0,977
1923,,0,0,0,0,0,0,0,0,980
1924,You must have completed the Destroyer's End achievement before attempting Heroic difficulty.,5,0,2,10,0,0,0,2001,967
1925,You must have completed the Destroyer's End achievement before attempting Heroic difficulty.,6,0,2,25,0,0,0,2001,967
2011,You must be at least level 87 to enter.,1,0,0,5,0,0,0,264,994
2012,Heroic Difficulty requires you to be level 90.,2,0,1,5,0,0,0,1130,994
2013,,1,0,0,0,0,0,0,0,995
2014,,2,0,0,0,0,0,0,0,995
2022,,0,0,0,0,0,0,0,0,998
2037,You must be at least level 21 to enter.,1,0,0,5,0,0,0,210,1001
2038,Heroic Difficulty requires you to be level 90.,2,0,1,5,0,0,0,1185,1001
2045,You must be at least level 23 to enter.,1,0,0,5,0,0,0,211,1004
2046,Heroic Difficulty requires you to be level 90.,2,0,1,5,0,0,0,1186,1004
2058,You must be at least level 33 to enter.,1,0,0,5,0,0,0,212,1007
2059,Heroic Difficulty requires you to be level 90.,2,0,1,5,0,0,0,1187,1007
2060,You must be at least level 90 and in a raid group to enter.,3,0,2,10,0,0,0,1032,1008
2061,You must be at least level 90 and in a raid group to enter.,4,0,2,25,0,0,0,1032,1008
2066,,2,0,0,0,0,0,0,1187,289
2072,,0,0,0,0,0,0,0,0,1010
2074,You must be at least level 87 to enter.,1,0,0,5,0,0,0,266,1011
2075,You must be at least level 90 to enter.,2,0,1,5,0,0,0,1128,1011
2076,You must have defeated Will of the Emperor on Normal difficulty before attempting Heroic difficulty.,5,0,2,10,0,0,0,2008,1008
2077,You must have defeated Will of the Emperor on Normal difficulty before attempting Heroic difficulty.,6,0,2,25,0,0,0,2008,1008
2121,You must have defeated the Sha of Fear on Normal difficulty before attempting Heroic difficulty.,5,0,2,10,0,0,0,2009,996
2122,You must have defeated the Sha of Fear on Normal difficulty before attempting Heroic difficulty.,6,0,2,25,0,0,0,2009,996
2123,,0,0,0,0,0,0,0,0,1019
2157,,1,0,0,0,0,0,0,0,1032
2158,,2,0,0,0,0,0,0,0,1032
2512,"You must be at least level 90 and in a raid group, and the Heart of Fear must be accessible, to enter.",3,0,2,10,0,0,0,1033,1009
2513,"You must be at least level 90 and in a raid group, and the Heart of Fear must be accessible, to enter.",4,0,2,25,0,0,0,1033,1009
2514,You must have defeated Grand Empress Shek'zeer on Normal difficulty before attempting Heroic difficulty.,5,0,2,10,0,0,0,2007,1009
2515,You must have defeated Grand Empress Shek'zeer on Normal difficulty before attempting Heroic difficulty.,6,0,2,25,0,0,0,2007,1009
2519,You must be level 90 and in a raid group to enter.,3,0,2,10,0,0,0,1034,996
2520,You must be level 90 and in a raid group to enter.,4,0,2,25,0,0,0,1034,996
2556,You must be at least level 85 and in a raid group to enter.,7,1,2,25,0,0,18,1987,967
2576,Challenge Mode is not available for this dungeon.,8,0,0,5,0,0,0,0,1001
2577,Challenge Mode is not available for this dungeon.,8,0,0,5,0,0,0,0,994
2578,Challenge Mode is not available for this dungeon.,8,0,0,5,0,0,0,0,1004
2579,Challenge Mode is not available for this dungeon.,8,0,0,5,0,0,0,0,1007
2580,Challenge Mode is not available for this dungeon.,8,0,0,5,0,0,0,0,959
2581,Challenge Mode is not available for this dungeon.,8,0,0,5,0,0,0,1279,960
2582,Challenge Mode is not available for this dungeon.,8,0,0,5,0,0,0,0,961
2583,Challenge Mode is not available for this dungeon.,8,0,0,5,0,0,0,0,962
2584,Challenge Mode is not available for this dungeon.,8,0,0,5,0,0,0,0,1011
2599,,0,0,0,5,0,0,0,0,1060
2600,,0,0,0,5,0,0,0,0,1061
2601,,0,0,0,5,0,0,0,0,1062
2603,,0,0,0,5,0,0,0,0,1064
2606,,7,1,2,25,0,0,18,2003,1008
2607,,7,1,2,25,0,0,18,2002,1009
2608,,7,1,2,25,0,0,18,2004,996
2610,,0,0,0,5,0,0,0,0,1066
2637,,0,0,0,5,0,0,0,0,1074
2641,,0,0,0,5,0,0,0,0,1075
2642,,0,0,0,5,0,0,0,0,1076
2644,,0,0,0,5,0,0,0,0,661
2645,,0,0,0,5,0,0,0,0,659
2664,,0,0,0,5,0,0,0,0,1043
2672,,0,0,0,5,0,0,0,0,1101
2673,,0,0,0,0,0,0,0,0,1105
2674,,0,0,0,5,0,0,0,0,1106
2685,,0,0,0,5,0,0,0,0,1113
2689,You must be at least level 90 to enter.,3,0,2,10,0,0,0,1035,1098
2690,You must be at least level 90 to enter.,4,0,2,25,0,0,0,1035,1098
2691,You must be at least level 90 to enter.,5,0,2,10,0,0,0,2010,1098
2692,You must be at least level 90 to enter.,6,0,2,25,0,0,0,2010,1098
2693,,0,0,0,5,0,0,0,0,1116
2702,,0,0,0,5,0,0,0,0,1120
2703,,0,0,0,5,0,0,0,0,1121
2707,,7,1,2,25,0,0,18,2005,1098
2708,,0,0,0,5,0,0,0,0,1128
2709,,0,0,0,5,0,0,0,0,1129
2710,,0,0,0,5,0,0,0,0,1132
2711,,0,0,0,5,0,0,0,0,1133
2712,,0,0,0,0,0,0,0,0,1134
2734,,11,0,0,3,0,0,0,0,1024
2735,,12,0,0,5,0,0,0,0,1024
2779,,12,0,0,5,0,0,0,0,1155
2784,,12,0,0,5,0,0,0,0,1049
2785,,12,0,0,1,0,0,0,0,1157
2790,,12,0,0,5,0,0,0,0,1161
2799,You must be level 90 to enter.,14,113,2,30,0,0,2,1036,1136
2811,,0,0,0,5,0,0,0,0,1166
2815,,12,0,0,5,0,0,0,0,1168
2822,,0,0,0,5,0,0,0,0,1169
2824,,0,0,0,0,0,0,0,0,1171
2825,,11,0,0,1,0,0,0,0,1157
2826,,0,0,0,5,0,0,0,0,1172
2827,,0,0,0,5,0,0,0,0,1173
2829,You must be at least level 90 to enter.,1,0,0,5,0,0,0,270,1175
2830,You must be at least level 100 to enter.,1,0,0,5,0,0,0,273,1176
2834,,0,0,0,5,0,0,0,0,1179
2837,,0,0,0,5,0,0,0,0,1181
2838,,1,0,0,40,0,0,0,0,1160
2839,,1,0,0,40,0,0,0,0,1159
2840,,1,0,0,40,0,0,0,0,1158
2841,You must be at least level 94 to enter.,1,0,0,5,0,0,0,269,1182
2856,,1,0,0,5,0,0,0,0,1188
2857,,1,0,0,5,0,0,0,0,1189
2858,,1,0,0,40,0,0,0,0,1152
2859,,1,0,0,40,0,0,0,0,1153
2860,,1,0,0,40,0,0,0,0,1154
2861,,0,0,0,5,0,0,0,0,1190
2863,,0,0,0,5,0,0,0,0,1192
2872,,12,0,0,5,0,0,0,0,1200
2873,You must be at least level 100 to enter.,2,0,1,5,0,0,0,1141,1176
2874,You must be at least level 100 to enter.,8,0,0,5,0,0,0,1279,1176
2877,You must be level 90 to enter.,15,114,2,30,0,0,2,2011,1136
2878,You must be level 90 to enter.,16,115,2,20,0,0,0,2012,1136
2879,,17,116,2,30,0,0,18,2006,1136
2880,,12,0,0,5,0,0,0,0,1203
2885,,12,0,0,5,0,0,0,0,1207
2887,You must be at least level 100 to enter.,1,0,0,5,0,0,0,271,1208
2888,You must be at least level 96 to enter.,1,0,0,5,0,0,0,274,1209
2889,You must be at least level 100 to enter on Heroic difficulty.,2,0,1,5,0,0,0,1140,1209
2890,You must be at least level 100 to enter on Challenge difficulty.,8,0,0,5,0,0,0,0,1209
2894,,0,0,0,5,0,0,0,0,1212
2895,,0,0,0,5,0,0,0,0,1213
2896,,0,0,0,5,0,0,0,0,1214
2897,,0,0,0,5,0,0,0,0,1215
2898,,0,0,0,5,0,0,0,0,1216
2899,,0,0,0,5,0,0,0,0,1217
2900,,0,0,0,5,0,0,0,0,1218
2901,,0,0,0,5,0,0,0,0,1219
2902,,0,0,0,5,0,0,0,0,1220
2903,,0,0,0,5,0,0,0,0,1221
2904,,0,0,0,5,0,0,0,0,1222
2905,,0,0,0,5,0,0,0,0,1223
2906,,0,0,0,5,0,0,0,0,1224
2907,,0,0,0,5,0,0,0,0,1225
2908,,0,0,0,5,0,0,0,0,1226
2909,,0,0,0,5,0,0,0,0,1227
2911,,0,0,0,5,0,0,0,0,1229
2912,,0,0,0,5,0,0,0,0,1230
2913,,0,0,0,5,0,0,0,0,1231
2914,,1,0,0,5,0,0,0,0,1232
2915,,1,0,0,5,0,0,0,0,1233
2916,,1,0,0,5,0,0,0,0,1234
2917,,1,0,0,5,0,0,0,0,1235
2918,,1,0,0,5,0,0,0,0,1236
2919,,1,0,0,5,0,0,0,0,1237
2920,,1,0,0,5,0,0,0,0,1238
2921,,1,0,0,5,0,0,0,0,1239
2922,,1,0,0,5,0,0,0,0,1240
2923,,1,0,0,5,0,0,0,0,1241
2924,,1,0,0,5,0,0,0,0,1242
2925,,1,0,0,5,0,0,0,0,1243
2926,,1,0,0,5,0,0,0,0,1244
2927,,1,0,0,5,0,0,0,0,1245
2930,,0,0,0,5,0,0,0,0,1247
2931,,0,0,0,5,0,0,0,0,1248
2932,,0,0,0,5,0,0,0,0,1249
2933,,0,0,0,5,0,0,0,0,1250
2934,,0,0,0,5,0,0,0,0,1251
2935,,0,0,0,5,0,0,0,0,1252
2936,,0,0,0,5,0,0,0,0,1253
2937,,0,0,0,5,0,0,0,0,1254
2938,,0,0,0,5,0,0,0,0,1255
2939,,0,0,0,5,0,0,0,0,1256
2940,,0,0,0,5,0,0,0,0,1257
2941,,0,0,0,5,0,0,0,0,1258
2942,,0,0,0,5,0,0,0,0,1259
2943,,0,0,0,5,0,0,0,0,1260
2944,You must be level 100 and in a raid group to enter.,14,1,2,30,0,0,2,1039,1205
2945,You must be level 100 and in a raid group to enter.,15,2,2,30,0,0,2,2018,1205
2946,You must be level 100 and in a raid group to enter.,16,3,2,20,0,0,0,2021,1205
2947,,17,4,2,30,0,0,18,2015,1205
2948,,0,0,0,5,0,0,0,0,1261
2949,,0,0,0,5,0,0,0,0,1262
2950,,0,0,0,5,0,0,0,0,1263
2951,You must be level 100 and in a raid group to enter.,14,1,2,30,0,0,2,1038,1228
2952,You must be level 100 and in a raid group to enter.,15,2,2,30,0,0,2,2017,1228
2953,You must be level 100 and in a raid group to enter.,16,3,2,20,0,0,0,2020,1228
2954,,17,4,2,30,0,0,18,2014,1228
2956,You must be at least level 100 to enter on Heroic difficulty.,2,0,1,5,0,0,0,1145,1182
2957,You must be at least level 100 to enter on Challenge difficulty.,8,0,0,5,0,0,0,0,1182
2958,,0,0,0,5,0,0,0,0,1264
2961,,12,0,0,5,0,0,0,0,1266
2967,,0,0,0,5,0,0,0,0,1265
2969,,1,0,0,5,0,0,0,0,1187
2974,,0,0,0,5,0,0,0,0,1270
2977,,0,0,0,5,0,0,0,0,1273
2995,,12,0,0,5,0,0,0,0,1277
3007,You must be at least level 92 to enter.,1,0,0,5,0,0,0,272,1195
3008,,0,0,0,5,0,0,0,0,1278
3009,You must be at least level 100 to enter.,1,0,0,5,0,0,0,275,1279
3010,,0,0,0,0,0,0,0,0,1280
3011,,0,0,0,5,0,0,0,0,1281
3012,,0,0,0,5,0,0,0,0,1282
3013,,0,0,0,5,0,0,0,0,1283
3014,,0,0,0,5,0,0,0,0,1284
3015,,0,0,0,5,0,0,0,0,1285
3016,,0,0,0,5,0,0,0,0,1286
3017,,0,0,0,5,0,0,0,0,1287
3018,,0,0,0,5,0,0,0,0,1288
3019,,0,0,0,5,0,0,0,0,1289
3020,,0,0,0,5,0,0,0,0,1290
3021,,0,0,0,5,0,0,0,0,1291
3022,,0,0,0,5,0,0,0,0,1292
3023,,0,0,0,5,0,0,0,0,1293
3024,,0,0,0,5,0,0,0,0,1294
3025,,0,0,0,5,0,0,0,0,1295
3026,,0,0,0,5,0,0,0,0,1296
3027,,0,0,0,5,0,0,0,0,1297
3028,,0,0,0,5,0,0,0,0,1298
3029,,0,0,0,5,0,0,0,0,1299
3030,,0,0,0,5,0,0,0,0,1300
3031,,0,0,0,5,0,0,0,0,1301
3032,,0,0,0,5,0,0,0,0,1302
3033,,0,0,0,5,0,0,0,0,1303
3034,,0,0,0,5,0,0,0,0,1304
3035,,0,0,0,5,0,0,0,0,1305
3036,,0,0,0,5,0,0,0,0,1306
3038,,0,0,0,5,0,0,0,0,1307
3039,,0,0,0,5,0,0,0,0,1308
3040,,0,0,0,5,0,0,0,0,1309
3041,,0,0,0,5,0,0,0,0,1310
3042,You must be at least level 100 to enter.,2,0,1,5,0,0,0,1143,1208
3044,You must be at least level 100 to enter on Heroic difficulty.,2,0,1,5,0,0,0,1144,1175
3045,You must be at least level 100 to enter on Challenge difficulty.,8,0,0,5,0,0,0,0,1175
3046,,0,0,0,5,0,0,0,0,1311
3047,,0,0,0,5,0,0,0,0,1312
3048,,0,0,0,5,0,0,0,0,1313
3049,,0,0,0,5,0,0,0,0,1314
3050,,0,0,0,5,0,0,0,0,1315
3051,,0,0,0,5,0,0,0,0,1316
3052,,0,0,0,5,0,0,0,0,1317
3053,,0,0,0,5,0,0,0,0,1318
3054,,0,0,0,5,0,0,0,0,1319
3055,,0,0,0,5,0,0,0,0,1320
3056,,0,0,0,5,0,0,0,0,1321
3057,,0,0,0,5,0,0,0,0,1322
3058,,0,0,0,5,0,0,0,0,1323
3059,,0,0,0,5,0,0,0,0,1324
3060,,0,0,0,5,0,0,0,0,1325
3061,,0,0,0,5,0,0,0,0,1326
3062,,0,0,0,5,0,0,0,0,1327
3063,,0,0,0,5,0,0,0,0,1328
3064,,18,0,0,40,0,0,0,1205,409
3065,,18,0,0,40,0,0,0,1005,469
3066,,18,0,0,40,0,0,0,0,531
3077,,9,0,0,40,0,0,0,0,605
3078,,12,0,0,5,0,0,0,0,1329
3079,You must be at least level 100 to enter.,2,0,1,5,0,0,0,1139,1279
3080,,1,0,0,40,0,0,0,0,1330
3081,,1,0,0,40,0,0,0,0,1331
3082,,0,0,0,5,0,0,0,0,1332
3083,,0,0,0,5,0,0,0,0,1333
3084,,0,0,0,5,0,0,0,0,1334
3085,,0,0,0,5,0,0,0,0,1335
3086,,0,0,0,5,0,0,0,0,1336
3087,,0,0,0,5,0,0,0,0,1337
3088,,0,0,0,5,0,0,0,0,1338
3089,,0,0,0,5,0,0,0,0,1339
3090,,0,0,0,5,0,0,0,0,1340
3091,,0,0,0,5,0,0,0,0,1341
3092,,0,0,0,5,0,0,0,0,1342
3093,,0,0,0,5,0,0,0,0,1343
3094,,0,0,0,5,0,0,0,0,1344
3095,,0,0,0,5,0,0,0,0,1345
3096,,0,0,0,5,0,0,0,0,1346
3097,,0,0,0,5,0,0,0,0,1347
3098,,0,0,0,5,0,0,0,0,1348
3099,,0,0,0,5,0,0,0,0,1349
3100,,0,0,0,5,0,0,0,0,1350
3103,You must be at least level 100 to enter on Heroic difficulty.,2,0,1,5,0,0,0,1142,1195
3104,You must be at least level 100 to enter on Challenge difficulty.,8,0,0,5,0,0,0,1279,1195
3105,,0,0,0,5,0,0,0,0,1351
3106,,0,0,0,5,0,0,0,0,1352
3107,,0,0,0,5,0,0,0,0,1353
3108,,0,0,0,5,0,0,0,0,1354
3109,You must be at least level 100 to enter.,8,0,0,5,0,0,0,0,1279
3110,You must be at least level 100 to enter.,8,0,0,5,0,0,0,1279,1208
3117,You must be at least level 100 to enter.,1,0,0,5,0,0,0,276,1358
3118,You must be at least level 100 to enter.,2,0,1,5,0,0,0,1138,1358
3119,You must be at least level 90 to enter.,19,0,0,5,0,0,0,0,1358
3122,,0,0,0,5,0,0,0,0,1361
3123,,0,0,0,5,0,0,0,0,1362
3124,,0,0,0,5,0,0,0,0,1363
3125,,0,0,0,5,0,0,0,0,1364
3128,,0,0,0,5,0,0,0,0,1367
3129,,0,0,0,5,0,0,0,0,1368
3130,,0,0,0,5,0,0,0,0,1369
3131,,0,0,0,5,0,0,0,0,1370
3132,,0,0,0,5,0,0,0,0,1371
3133,,0,0,0,5,0,0,0,0,1372
3135,,12,0,0,5,0,0,0,0,1374
3136,You must be at least level 100 to enter.,8,0,0,5,0,0,0,0,1358
3137,,0,0,0,5,0,0,0,0,1375
3138,,0,0,0,5,0,0,0,0,1376
3139,,0,0,0,5,0,0,0,0,1377
3140,,0,0,0,5,0,0,0,0,1378
3141,,0,0,0,5,0,0,0,0,1379
3142,,0,0,0,5,0,0,0,0,1380
3143,,0,0,0,5,0,0,0,0,1381
3144,,0,0,0,5,0,0,0,0,1382
3145,,0,0,0,5,0,0,0,0,1383
3146,,0,0,0,5,0,0,0,0,1384
3147,,0,0,0,5,0,0,0,0,1385
3148,,0,0,0,5,0,0,0,0,1386
3149,,0,0,0,5,0,0,0,0,1387
3150,,0,0,0,5,0,0,0,0,1388
3151,,0,0,0,5,0,0,0,0,1389
3152,,0,0,0,5,0,0,0,0,1390
3153,,0,0,0,5,0,0,0,0,1391
3154,,0,0,0,5,0,0,0,0,1392
3155,,0,0,0,5,0,0,0,0,1393
3156,,0,0,0,5,0,0,0,0,1394
3157,,0,0,0,5,0,0,0,0,1395
3158,,0,0,0,5,0,0,0,0,1396
3159,,0,0,0,5,0,0,0,0,1397
3160,,0,0,0,5,0,0,0,0,1398
3161,,0,0,0,5,0,0,0,0,1399
3162,,0,0,0,5,0,0,0,0,1400
3163,,0,0,0,5,0,0,0,0,1401
3164,,12,0,0,5,0,0,0,0,1402
3165,,0,0,0,5,0,0,0,0,1403
3166,,0,0,0,5,0,0,0,0,1404
3167,,0,0,0,5,0,0,0,0,1405
3168,,0,0,0,5,0,0,0,0,1406
3169,,12,0,0,5,0,0,0,0,1407
3171,,0,0,0,5,0,0,0,0,1409
3172,,0,0,0,5,0,0,0,0,1410
3173,,0,0,0,5,0,0,0,0,1411
3174,,0,0,0,5,0,0,0,0,1412
3175,,0,0,0,5,0,0,0,0,1413
3176,,0,0,0,5,0,0,0,0,1414
3177,,0,0,0,5,0,0,0,0,1415
3178,,0,0,0,5,0,0,0,0,1416
3179,,0,0,0,5,0,0,0,0,1417
3180,,0,0,0,5,0,0,0,0,1418
3181,,1,0,0,5,0,0,0,0,1268
3182,,0,0,0,5,0,0,0,0,1419
3183,,0,0,0,5,0,0,0,0,1420
3184,,0,0,0,5,0,0,0,0,1421
3185,,0,0,0,5,0,0,0,0,1422
3186,,0,0,0,5,0,0,0,0,1423
3187,,0,0,0,5,0,0,0,0,1424
3188,,0,0,0,5,0,0,0,0,1425
3189,,0,0,0,5,0,0,0,0,1426
3190,,0,0,0,5,0,0,0,0,1427
3192,,0,0,0,5,0,0,0,0,1429
3193,,0,0,0,5,0,0,0,0,1430
3197,THIS MESSAGE IS FROM THE MAP EDITOR,20,0,0,25,9,0,0,0,1431
3200,,0,0,0,5,0,0,0,0,1432
3201,,0,0,0,5,0,0,0,0,1433
3202,,0,0,0,5,0,0,0,0,1434
3203,,0,0,0,5,0,0,0,0,1435
3209,,0,0,0,5,0,0,0,0,1437
3210,,0,0,0,5,0,0,0,0,1438
3211,,0,0,0,5,0,0,0,0,1439
3212,,0,0,0,5,0,0,0,0,1440
3213,,0,0,0,5,0,0,0,0,1441
3214,,0,0,0,5,0,0,0,0,1442
3218,,0,0,0,5,0,0,0,0,1446
3219,,0,0,0,5,0,0,0,0,1447
3228,,12,0,0,5,0,0,0,0,1453
3232,,12,0,0,1,0,0,0,0,1455
3233,You must be at least level 100 to enter.,1,0,0,5,0,0,0,484,1456
3235,You must be at least level 98 to enter.,1,0,0,5,0,0,0,480,1458
3236,You must be at least level 110 to access Neltharion's Lair on Heroic difficulty.,2,0,1,5,0,0,0,1166,1458
3237,You must be at least level 110 to access Neltharion's Lair on Challenge difficulty.,8,0,0,5,0,0,0,1279,1458
3238,,0,0,0,5,0,0,0,0,1459
3240,,12,0,0,80,0,0,0,0,1460
3242,,0,0,0,5,0,0,0,0,1462
3243,,0,0,0,5,0,0,0,0,1463
3244,,0,0,0,5,0,0,0,0,1464
3245,,0,0,0,5,0,0,0,0,1465
3246,You must be level 100 and in a raid group to enter.,14,1,2,30,0,0,2,1040,1448
3247,You must be level 100 and in a raid group to enter.,15,2,2,30,0,0,2,2016,1448
3248,You must be level 100 and in a raid group to enter.,16,3,2,20,0,0,0,2019,1448
3249,,17,4,2,30,0,0,18,2013,1448
3250,,12,0,0,5,0,0,0,0,1461
3251,You must be at least level 98 to enter.,1,0,0,5,0,0,0,1196,1466
3252,You must be at least level 110 to access Darkheart Thicket on Heroic difficulty.,2,0,1,5,0,0,0,1197,1466
3253,You must be at least level 110 to access Darkheart Thicket on Heroic difficulty.,8,0,0,5,0,0,0,1279,1466
3256,,0,0,0,0,0,0,0,0,1469
3257,You must be at least level 100 to enter.,1,0,0,5,0,0,0,0,1470
3260,,0,0,0,5,0,0,0,0,1473
3261,,0,0,0,5,0,0,0,0,1474
3262,,12,0,0,80,0,0,0,0,1475
3263,,0,0,0,5,0,0,0,0,1476
3264,You must be at least level 98 to enter.,1,0,0,5,0,0,0,486,1477
3265,,12,0,0,5,0,0,0,0,1478
3268,,0,0,0,0,0,0,0,0,1481
3269,You must be at least level 100 to enter on Mythic difficulty.,23,117,2,5,0,0,2,1194,1175
3270,You must be at least level 100 to enter.,23,123,2,5,0,0,2,1191,1176
3271,You must be at least level 100 to enter on Mythic difficulty.,23,119,2,5,0,0,2,1195,1182
3272,You must be at least level 100 to enter on Mythic difficulty.,23,118,2,5,0,0,2,1192,1195
3273,You must be at least level 100 to enter.,23,122,2,5,0,0,2,1193,1208
3274,You must be at least level 100 to enter on Mythic difficulty.,23,120,2,5,0,0,2,1190,1209
3275,You must be at least level 100 to enter.,23,116,2,5,0,0,2,1189,1279
3276,You must be at least level 100 to enter.,23,121,2,5,0,0,2,1188,1358
3277,,0,0,0,5,0,0,0,0,1482
3278,,0,0,0,5,0,0,0,0,1483
3279,,0,0,0,5,0,0,0,0,1484
3280,,0,0,0,5,0,0,0,0,1485
3281,,0,0,0,5,0,0,0,0,1486
3282,,0,0,0,5,0,0,0,0,1487
3283,,0,0,0,5,0,0,0,0,1488
3288,You must be level 110 to enter.,1,0,0,5,0,0,0,1155,1492
3289,You must be at least level 110 to enter.,1,0,0,5,0,0,0,1159,1493
3292,,0,0,0,5,0,0,0,0,1496
3293,,0,0,0,5,0,0,0,0,1497
3303,,1,0,0,1,0,0,0,0,1499
3308,You must be at least level 110 to access the Halls of Valor on Heroic difficulty.,2,0,1,5,0,0,0,1164,1477
3312,You must be at least level 110 to access the Eye of Azshara on Heroic difficulty.,2,0,1,5,0,0,0,1163,1456
3313,You must be at least level 110 to access the Eye of Azshara on Challenge difficulty.,8,0,0,5,0,0,0,1279,1456
3315,You must be at least level 110 to access the Vault of the Wardens on Heroic difficulty.,2,0,1,5,0,0,0,1168,1493
3316,You must be at least level 110 to enter.,1,0,0,5,0,0,0,1152,1501
3317,You must be at least level 110 to access Black Rook Hold on Heroic difficulty.,2,0,1,5,0,0,0,1161,1501
3318,You must be at least level 110 to access Black Rook Hold on Challenge difficulty.,8,0,0,5,0,0,0,1279,1501
3321,,0,0,0,0,0,0,0,0,1504
3322,,0,0,0,0,0,0,0,0,1505
3324,,0,0,0,5,0,0,0,0,1502
3327,,0,0,0,5,0,0,0,0,0
3328,,0,0,0,5,0,0,0,0,1509
3329,,0,0,0,5,0,0,0,0,1510
3338,,0,0,0,5,0,0,0,0,1468
3341,,0,0,0,5,0,0,0,0,1517
3342,,0,0,0,5,0,0,0,0,1518
3347,,0,0,0,5,0,0,0,0,1479
3348,,0,0,0,5,0,0,0,0,1107
3349,,0,0,0,5,0,0,0,0,1512
3350,,0,0,0,5,0,0,0,0,1513
3351,,0,0,0,5,0,0,0,0,1514
3360,You must be at least level 110 and in a raid group to enter.,14,1,2,30,0,0,2,619,1530
3361,You must be at least level 110 and in a raid group to enter.,15,2,2,30,0,0,2,620,1530
3362,You must be at least level 110 and in a raid group to enter.,16,3,2,20,0,0,0,621,1530
3363,,17,4,2,30,0,0,18,618,1530
3365,,0,0,0,5,0,0,0,0,1527
3366,,0,0,0,5,0,0,0,0,1532
3372,,1,0,0,1,0,0,0,0,1535
3374,You must be level 110 and in a raid group to enter.,14,1,2,30,0,0,2,624,1520
3375,You must be level 110 and in a raid group to enter.,15,2,2,30,0,0,2,625,1520
3376,You must be level 110 and in a raid group to enter.,16,3,2,20,0,0,0,626,1520
3377,,17,4,2,30,0,0,18,627,1520
3379,,0,0,0,5,0,0,0,0,1538
3382,You must be level 110 to enter.,2,0,1,5,0,0,0,1165,1492
3384,,0,0,0,5,0,0,0,0,1540
3386,,12,0,0,1,0,0,0,0,1480
3389,You must be at least level 105 to enter.,1,0,0,5,0,0,0,446,1544
3390,You must be at least level 110 to access Violet Hold on Heroic difficulty.,2,0,1,5,0,0,0,1160,1544
3396,,0,0,0,5,0,0,0,0,1547
3398,,12,0,0,1,0,0,0,0,1489
3399,,12,0,0,1,0,0,0,0,1528
3400,,0,0,0,5,0,0,0,0,1549
3401,,0,0,0,5,0,0,0,0,1550
3403,,0,0,0,0,0,0,0,0,1552
3406,,0,0,0,5,0,0,0,0,1555
3407,,0,0,0,5,0,0,0,0,1556
3409,,0,0,0,5,0,0,0,0,1559
3410,,0,0,0,5,0,0,0,0,1560
3414,,1,0,0,1,0,0,4,0,1557
3416,,1,0,0,1,0,0,4,0,1554
3417,,0,0,0,5,0,0,0,0,1561
3420,,12,0,0,1,0,0,0,0,1522
3421,,12,0,0,1,0,0,0,0,1539
3422,,12,0,0,1,0,0,0,0,1545
3423,,12,0,0,1,0,0,0,0,1511
3424,,12,0,0,5,0,0,0,0,1454
3425,,12,0,0,1,0,0,0,0,1534
3426,,0,0,0,5,0,0,0,0,1519
3427,,12,0,0,1,0,0,0,0,1498
3428,,12,0,0,1,0,0,0,0,1533
3429,,12,0,0,1,0,0,0,0,1500
3430,,12,0,0,1,0,0,0,0,1503
3431,,12,0,0,1,0,0,0,0,1541
3432,,12,0,0,1,0,0,0,0,1553
3433,,12,0,0,1,0,0,0,0,1494
3434,,12,0,0,1,0,0,0,0,1495
3435,,12,0,0,1,0,0,0,0,1526
3448,,12,0,0,1,0,0,0,0,1014
3449,,12,0,0,1,0,0,0,0,1572
3464,You must be at least level 110 to access the Vault of the Wardens on Challenge difficulty.,8,0,0,5,0,0,0,1279,1493
3465,You must be level 110 to enter.,8,0,0,5,0,0,0,1176,1492
3467,You must be at least level 110 to access the Halls of Valor on Challenge difficulty.,8,0,0,5,0,0,0,1279,1477
3469,,12,0,0,1,0,0,0,0,1582
3470,,12,0,0,1,0,0,0,0,1583
3471,,0,0,0,5,0,0,0,0,1584
3473,,0,0,0,0,0,0,0,0,1586
3475,,12,0,0,1,0,0,4,0,1580
3476,,0,0,0,5,0,0,0,0,1588
3477,,0,0,0,0,0,0,0,0,1589
3478,,0,0,0,5,0,0,0,0,1590
3479,,0,0,0,5,0,0,0,0,1591
3480,,0,0,0,5,0,0,0,0,1592
3481,,0,0,0,5,0,0,0,0,1593
3489,,12,0,0,1,0,0,0,0,1599
3490,,12,0,0,1,0,0,0,0,1579
3491,,12,0,0,1,0,0,0,0,1600
3493,,0,0,0,5,0,0,0,0,1602
3498,,0,0,0,5,0,0,0,0,1471
3502,,0,0,0,5,0,0,0,0,1604
3503,,0,0,0,5,0,0,0,0,1605
3505,,12,0,0,1,0,0,0,0,1607
3508,,0,0,0,5,0,0,0,0,1608
3510,,12,0,0,1,0,0,0,0,1609
3511,,12,0,0,1,0,0,0,0,1610
3522,,12,0,0,1,0,0,0,0,1612
3553,,0,0,0,5,0,0,0,0,1618
3556,,12,0,0,1,0,0,0,0,1616
3557,,12,0,0,1,0,0,0,0,1620
3559,,12,0,0,1,0,0,0,0,1621
3568,,12,0,0,1,9,0,0,0,1624
3569,,12,0,0,1,0,0,0,0,1625
3570,,12,0,0,1,0,0,0,0,1623
3571,,12,0,0,1,0,0,0,0,1617
3572,,23,124,2,5,0,0,2,1175,1477
3573,,12,0,0,1,0,0,0,0,1626
3574,,0,0,0,5,0,0,0,0,1627
3576,,0,0,0,5,0,0,0,0,1628
3582,,12,0,0,5,0,0,0,0,1632
3583,,12,0,0,5,0,0,0,0,1630
3592,,12,0,0,1,0,0,0,0,1629
3594,,0,0,0,5,0,0,0,0,1637
3595,,0,0,0,5,0,0,0,0,1638
3596,,0,0,0,5,0,0,0,0,1639
3597,,23,125,2,5,0,0,2,1172,1501
3598,,23,126,2,5,0,0,2,1174,1456
3599,,23,127,2,5,0,0,2,1198,1466
3600,,23,131,2,5,0,0,2,1177,1458
3601,,23,128,2,5,0,0,2,1179,1493
3602,,23,129,2,5,0,0,2,1176,1492
3603,,8,0,0,5,0,0,0,1178,1516
3604,,23,132,2,5,0,0,2,1178,1516
3605,,8,0,0,5,0,0,0,1279,1571
3606,,23,130,2,5,0,0,2,1173,1571
3610,,0,0,0,5,0,0,0,0,1642
3611,,0,0,0,5,0,0,0,0,1643
3612,,0,0,0,5,0,0,0,0,1644
3614,,12,0,0,1,0,0,0,0,1529
3616,,0,0,0,5,0,0,0,0,1647
3617,,12,0,0,1,9,0,0,0,1646
3621,,0,0,0,5,0,0,0,0,1649
3622,,0,0,0,5,0,0,0,0,1650
3624,,23,133,2,5,0,0,2,1183,1544
3628,,12,0,0,1,0,0,0,0,1611
3630,,12,0,0,1,9,0,0,0,1653
3633,,0,0,0,5,0,0,0,0,1655
3635,,0,0,0,0,0,0,0,0,1657
3636,,0,0,0,5,0,0,0,0,1658
3642,,14,1,2,30,0,0,2,622,1648
3643,,15,2,2,30,0,0,2,634,1648
3644,,16,3,2,20,0,0,0,635,1648
3645,,17,4,2,30,0,0,18,636,1648
3647,,0,0,0,5,0,0,0,0,1661
3648,,12,0,0,1,0,0,0,0,1536
3649,,12,0,0,5,0,0,0,0,1662
3650,,1,0,0,5,17,5,0,0,1663
3654,,12,0,0,5,0,0,0,0,1667
3655,,12,0,0,5,0,0,0,0,1668
3656,,0,0,0,5,0,0,0,0,1669
3657,,0,0,0,5,0,0,0,0,1670
3658,,0,0,0,5,0,0,0,0,1671
3659,,0,0,0,0,0,0,0,0,1672
3660,,12,0,0,5,0,0,0,0,1673
3662,,0,0,0,5,0,0,0,0,1675
3665,,0,0,0,0,0,0,0,0,728
3666,,0,0,0,5,0,0,0,0,1678
3667,,0,0,0,5,0,0,0,0,1679
3668,,0,0,0,5,0,0,0,0,1680
3669,,0,0,0,0,0,0,0,0,1681
3670,,23,134,2,5,0,0,10,1180,1651
3671,,0,0,0,5,0,0,0,0,1682
3672,,12,0,0,5,0,0,0,0,1683
3673,,12,0,0,5,0,0,0,0,1684
3674,,0,0,0,5,0,0,0,0,1685
3675,,0,0,0,0,0,0,0,0,1686
3677,,12,0,0,1,0,0,0,0,1687
3678,,12,0,0,1,0,0,0,0,1688
3679,,12,0,0,5,0,0,0,0,1689
3680,,0,0,0,5,0,0,0,0,1690
3683,,0,0,0,0,0,0,0,0,1691
3684,,12,0,0,1,0,0,0,0,1523
3690,,12,0,0,1,0,0,0,0,1694
3692,,0,0,0,0,0,0,0,0,1515
3693,,12,0,0,1,0,0,0,0,1693
3694,,12,0,0,5,0,0,0,0,1695
3695,,0,0,0,5,0,0,0,0,1696
3696,,0,0,0,5,0,0,0,0,1697
3697,,12,0,0,1,0,0,0,0,1698
3698,,0,0,0,5,0,0,0,0,1699
3699,,0,0,0,5,0,0,0,0,1700
3700,,0,0,0,5,0,0,0,0,1701
3701,,12,0,0,1,0,0,0,0,1702
3702,,12,0,0,5,0,0,0,0,1703
3703,,12,0,0,5,0,0,0,0,1704
3704,,12,0,0,5,0,0,0,0,1705
3705,,12,0,0,5,0,0,0,0,1706
3706,,12,0,0,5,0,0,0,0,1707
3710,,12,0,0,5,0,0,0,0,1708
3712,,14,1,2,30,0,0,2,498,1676
3713,,15,2,2,30,0,0,2,639,1676
3714,,16,3,2,20,0,0,0,640,1676
3715,,17,4,2,30,0,0,18,641,1676
3719,,12,0,0,5,0,0,0,0,1710
3720,,0,0,0,5,0,0,0,0,1711
3721,,2,0,1,5,0,0,0,1170,1677
3722,,8,0,0,5,0,0,0,1181,1677
3723,,23,135,2,5,0,0,2,1181,1677
3724,,12,0,0,5,0,0,0,0,1666
3727,,12,0,0,5,0,0,0,0,1714
3728,,0,0,0,0,0,0,0,0,1715
3729,,0,0,0,5,0,0,0,0,1716
3730,,0,0,0,5,0,0,0,0,1717
3731,,2,0,0,5,0,0,0,1169,1651
3732,,0,0,0,5,0,0,0,0,1718
3733,,12,0,0,5,0,0,0,0,1719
3734,,0,0,0,0,0,0,0,0,1170
3737,,12,0,0,1,0,0,0,0,1723
3742,,0,0,0,0,0,0,0,0,1726
3744,,12,0,0,1,0,0,0,0,1728
3745,,12,0,0,5,0,0,0,0,1729
3746,,2,0,0,5,0,0,0,1167,1516
3747,,2,0,0,5,0,0,0,1162,1571
3748,,12,0,0,5,0,0,0,0,1730
3749,,12,0,0,5,0,0,0,0,1731
3750,,12,0,0,5,0,0,0,0,1732
3752,,12,0,0,5,0,0,0,0,1734
3753,,12,0,0,1,0,0,0,0,1735
3754,,12,0,0,1,0,0,0,0,1736
3755,,12,0,0,5,0,0,0,0,1737
3757,,12,0,0,1,0,0,0,0,1738
3758,,12,0,0,30,0,0,0,0,1739
3763,,12,0,0,1,0,0,0,0,1733
3764,,0,0,0,5,0,0,0,0,1741
3775,,0,0,0,0,0,0,0,0,1692
3777,,12,0,0,5,0,0,0,0,1746
3778,,0,0,0,5,0,0,0,0,1747
3785,,0,0,0,5,0,0,0,0,1751
3786,,0,0,0,5,0,0,0,0,1752
3790,,0,0,0,0,0,0,0,0,1749
3791,,0,0,0,0,0,0,0,0,1750
3792,,8,0,0,5,0,0,0,1279,1651
3794,,1,0,0,5,0,0,0,1220,1754
3798,,14,136,2,30,0,0,2,1014,564
3800,,12,0,0,5,0,0,0,0,1756
3802,,0,0,0,0,0,0,0,0,1740
3803,,2,0,1,5,0,0,0,1171,1753
3804,,8,0,0,5,0,0,0,1182,1753
3805,,23,137,2,5,0,0,2,1182,1753
3806,,14,1,2,30,0,0,2,476,1712
3807,,15,2,2,30,0,0,2,477,1712
3808,,16,3,2,20,0,0,0,637,1712
3809,,17,4,2,30,0,0,18,638,1712
3815,,30,0,0,6,0,0,0,0,1744
3816,,0,0,0,0,0,0,0,0,1759
3822,,23,146,2,5,0,0,2,502,1762
3823,,1,0,0,5,0,0,0,1224,1763
3824,,12,0,0,1,0,0,4,0,1764
3832,,1,0,0,5,0,0,0,1228,1594
3833,,1,0,0,5,0,0,0,1227,1771
3834,,12,0,0,20,0,0,0,0,1765
3836,,0,0,0,5,0,0,0,0,1773
3838,,0,0,0,5,0,0,0,0,1775
3839,,0,0,0,5,0,0,0,0,1776
3841,,0,0,0,5,0,0,0,0,1778
3845,,0,0,0,0,0,0,0,0,1782
3846,,33,138,2,30,0,0,18,439,564
3852,,0,0,0,5,0,0,0,0,1784
3853,,0,0,0,5,0,0,0,0,1785
3854,,0,0,0,5,0,0,0,0,1786
3855,,0,0,0,5,0,0,0,0,1787
3856,,0,0,0,5,0,0,0,0,1788
3857,,0,0,0,5,0,0,0,0,1789
3863,,0,0,0,0,0,0,0,0,1795
3877,,0,0,0,0,0,0,0,0,1802
3878,,0,0,0,0,0,0,0,0,1803
3880,,12,0,0,6,0,0,0,0,1645
3881,,12,0,0,20,0,0,0,0,1804
3882,,0,0,0,5,0,0,0,0,1805
3883,,0,0,0,5,0,0,0,0,1806
3884,,0,0,0,5,0,0,0,0,1807
3885,,12,0,0,1,0,0,0,0,1622
3891,,0,0,0,5,0,0,0,0,1809
3893,,0,0,0,5,0,0,0,0,1811
3894,,12,0,0,1,0,0,0,0,1774
3897,,12,0,0,5,0,0,0,0,1812
3900,,0,0,0,0,0,0,0,0,1815
3902,,0,0,0,0,0,0,0,0,1817
3903,,12,0,0,1,0,0,0,0,1818
3910,,0,0,0,0,0,0,0,0,1825
3919,,0,0,0,0,0,0,0,0,1779
3925,,0,0,0,0,0,0,0,0,1839
3926,,12,0,0,1,0,0,0,0,1840
3927,,1,0,0,5,0,0,0,1225,1841
3929,,23,148,2,5,0,0,2,502,1822
3932,,2,0,1,5,0,0,0,1246,1763
3933,,23,144,2,5,0,0,2,1255,1763
3934,,0,0,0,5,0,0,0,0,1844
3935,,0,0,0,5,0,0,0,0,1845
3936,,0,0,0,5,0,0,0,0,1846
3937,,0,0,0,5,0,0,0,0,1847
3939,,0,0,0,5,0,0,0,0,1849
3940,,0,0,0,5,0,0,0,0,1850
3941,,0,0,0,5,0,0,0,0,1851
3942,,0,0,0,5,0,0,0,0,1852
3943,,0,0,0,5,0,0,0,0,1853
3944,,0,0,0,5,0,0,0,0,1854
3945,,0,0,0,5,0,0,0,0,1855
3946,,0,0,0,5,0,0,0,0,1856
3947,,0,0,0,5,0,0,0,0,1857
3950,,0,0,0,5,0,0,0,0,1860
3951,,14,141,2,30,0,0,2,1020,603
3952,,33,142,2,30,0,0,18,440,603
3953,,14,155,2,30,0,0,2,503,1861
3954,,15,156,2,30,0,0,2,504,1861
3955,,16,157,2,20,0,0,0,505,1861
3956,,17,158,2,30,0,0,18,506,1861
3957,,1,0,0,5,0,0,0,1222,1862
3959,,23,153,2,5,0,0,2,1263,1862
3960,,0,0,0,5,0,0,0,0,1863
3961,,19,0,0,5,0,0,0,298,230
3962,,19,0,0,5,0,0,0,425,1004
3963,,19,0,0,5,0,0,0,394,547
3964,,1,0,0,5,0,0,0,1223,1864
3965,,0,0,0,0,0,0,0,0,1865
3966,,2,0,1,5,0,0,0,1249,1771
3968,,23,152,2,5,0,0,2,1261,1771
3979,,2,0,1,5,0,0,0,1244,1862
3981,,1,0,0,5,0,0,0,1226,1877
3982,,0,0,0,0,0,0,0,0,1878
3985,,2,0,1,5,0,0,0,1243,1754
3986,,23,145,2,5,0,0,2,1254,1754
3987,,2,0,1,5,0,0,0,1250,1594
3988,,23,150,2,5,0,0,2,1260,1594
3995,,12,0,0,6,0,0,0,0,1885
3996,,0,0,0,5,0,0,0,0,1886
3997,,0,0,0,5,0,0,0,0,1887
3998,,2,0,1,5,0,0,0,1248,1877
3999,,23,149,2,5,0,0,2,1259,1877
4000,,2,0,1,5,0,0,0,1245,1864
4001,,23,147,2,5,0,0,2,1257,1864
4002,,2,0,1,5,0,0,0,1247,1841
4003,,23,151,2,5,0,0,2,1262,1841
4004,,12,0,0,6,0,0,0,0,1888
4006,,12,0,0,1,0,0,0,0,627
4007,,12,0,0,5,0,0,0,0,1890
4008,,12,0,0,6,0,0,0,0,1891
4014,,12,0,0,1,0,0,4,0,930
4018,,12,0,0,6,0,0,0,0,1895
4019,,12,0,0,6,0,0,0,0,1896
4025,,0,0,0,5,0,0,0,0,1900
4026,,0,0,0,5,0,0,0,0,1901
4027,,0,0,0,5,0,0,0,0,1902
4028,,0,0,0,5,0,0,0,0,1903
4029,,12,0,0,5,0,0,0,0,1904
4031,,12,0,0,5,0,0,0,0,1906
4036,,0,0,0,5,0,0,0,0,1909
4037,,0,0,0,5,0,0,0,0,1910
4038,,0,0,0,0,0,0,0,0,1911
4046,,0,0,0,5,0,0,0,0,1912
4049,,0,0,0,5,0,0,0,0,1913
4052,,0,0,0,5,0,0,0,0,1916
4053,,12,0,0,1,0,0,0,0,1917
4054,,8,0,0,5,0,0,0,1254,1754
4055,,8,0,0,5,0,0,0,1261,1771
4056,,8,0,0,5,0,0,0,1255,1763
4057,,0,0,0,0,0,0,0,0,1918
4058,,0,0,0,5,0,0,0,0,1919
4059,,0,0,0,5,0,0,0,0,1920
4060,,0,0,0,5,0,0,0,0,1921
4061,,0,0,0,5,0,0,0,0,1922
4062,,0,0,0,5,0,0,0,0,1923
4063,,0,0,0,5,0,0,0,0,1924
4064,,0,0,0,5,0,0,0,0,1925
4065,,0,0,0,5,0,0,0,0,1926
4066,,0,0,0,5,0,0,0,0,1927
4068,,0,0,0,0,0,0,0,0,1929
4069,,0,0,0,5,0,0,0,0,1930
4073,,0,0,0,5,0,0,0,0,1934
4074,,0,0,0,5,0,0,0,0,1935
4075,,0,0,0,5,0,0,0,0,1936
4076,,0,0,0,5,0,0,0,0,1937
4077,,0,0,0,5,0,0,0,0,1938
4078,,0,0,0,5,0,0,0,0,1939
4079,,12,0,0,6,0,0,0,0,1899
4080,,12,0,0,6,0,0,0,0,1889
4081,,12,0,0,5,0,0,0,0,1881
4082,,12,0,0,6,0,0,0,0,1780
4084,,12,0,0,6,0,0,0,0,1880
4085,,0,0,0,5,0,0,0,0,1940
4086,,0,0,0,5,0,0,0,0,1941
4087,,0,0,0,0,0,0,0,0,1942
4089,,12,0,0,5,0,0,0,0,1944
4090,,38,0,0,3,0,0,0,0,1813
4091,,39,0,0,3,0,0,0,0,1813
4092,,40,0,0,3,0,0,0,0,1813
4093,,38,0,0,3,0,0,0,0,1883
4094,,39,0,0,3,0,0,0,0,1883
4095,,40,0,0,3,0,0,0,0,1883
4096,,38,0,0,3,0,0,0,0,1882
4097,,39,0,0,3,0,0,0,0,1882
4098,,40,0,0,3,0,0,0,0,1882
4099,,38,0,0,3,0,0,0,0,1892
4100,,39,0,0,3,0,0,0,0,1892
4101,,40,0,0,3,0,0,0,0,1892
4102,,38,0,0,3,0,0,0,0,1893
4103,,39,0,0,3,0,0,0,0,1893
4104,,40,0,0,3,0,0,0,0,1893
4105,,38,0,0,3,0,0,0,0,1907
4106,,39,0,0,3,0,0,0,0,1907
4107,,40,0,0,3,0,0,0,0,1907
4108,,38,0,0,3,0,0,0,0,1898
4109,,39,0,0,3,0,0,0,0,1898
4110,,40,0,0,3,0,0,0,0,1898
4111,,38,0,0,3,0,0,0,0,1897
4112,,39,0,0,3,0,0,0,0,1897
4113,,40,0,0,3,0,0,0,0,1897
4115,,38,0,0,3,0,0,0,0,1879
4116,,39,0,0,3,0,0,0,0,1879
4117,,40,0,0,3,0,0,0,0,1879
4119,,38,0,0,3,0,0,0,0,1814
4120,,39,0,0,3,0,0,0,0,1814
4121,,40,0,0,3,0,0,0,0,1814
4130,,0,0,0,0,0,0,0,0,1945
4131,,0,0,0,5,0,0,0,0,1946
4132,,0,0,0,5,0,0,0,0,1947
4133,,0,0,0,5,0,0,0,0,1948
4134,,8,0,0,5,0,0,0,1260,1594
4135,,8,0,0,5,0,0,0,1263,1862
4136,,8,0,0,5,0,0,0,502,1762
4138,,12,0,0,20,0,0,0,0,1760
4139,,1,0,0,1,0,0,4,0,1949
4140,,1,0,0,1,0,0,4,0,1950
4141,,0,0,0,5,0,0,0,0,1951
4142,,0,0,0,5,0,0,0,0,1952
4143,,8,0,0,5,0,0,0,1259,1877
4144,,8,0,0,5,0,0,0,1262,1841
4145,,8,0,0,5,0,0,0,1257,1864
4146,,0,0,0,5,0,0,0,0,1953
4147,,0,0,0,5,0,0,0,0,1954
4148,,12,0,0,1,0,0,4,0,1955
4150,,45,0,0,6,0,0,0,0,1813
4155,,38,0,0,1,0,0,0,0,1932
4156,,0,0,0,5,0,0,0,0,1956
4157,,0,0,0,5,0,0,0,0,1957
4162,,0,0,0,5,0,0,0,0,1958
4163,,0,0,0,5,0,0,0,0,1959
4167,,45,0,0,6,0,0,0,0,1897
4168,,45,0,0,6,0,0,0,0,1898
4169,,45,0,0,6,0,0,0,0,1893
4170,,45,0,0,6,0,0,0,0,1892
4171,,45,0,0,6,0,0,0,0,1882
4172,,45,0,0,6,0,0,0,0,1883
4173,,45,0,0,6,0,0,0,0,1814
4174,,45,0,0,6,0,0,0,0,1879
4176,,0,0,0,5,0,0,0,0,1962
4177,,8,0,0,5,0,0,0,502,1822
4178,,1,0,0,5,17,55,0,500,1963
4179,,2,0,0,5,0,0,0,501,1963
4180,,8,0,0,5,0,0,0,502,1963
4181,,23,0,0,5,0,0,0,502,1963
4182,,0,0,0,5,0,0,0,0,1964
4183,,0,0,0,5,0,0,0,0,1965
4284,,0,0,0,5,0,0,0,0,2066
4285,,0,0,0,5,0,0,0,0,2067
4287,,0,0,0,0,0,0,0,0,1931
4288,,1,0,0,5,0,0,0,0,2068
4289,,0,0,0,5,0,0,0,0,2069
4294,,0,0,0,5,0,0,0,0,2074
4295,,0,0,0,5,0,0,0,0,2075
4296,,38,0,0,3,0,0,0,0,2076
4297,,38,0,0,3,0,0,0,0,1884
4298,,0,0,0,5,0,0,0,0,2077
4299,,0,0,0,5,0,0,0,0,2078
4302,,0,0,0,0,0,0,0,0,2081
4303,,0,0,0,5,0,0,0,0,2082
4304,,0,0,0,5,0,0,0,0,2083
4305,,0,0,0,5,0,0,0,0,2084
4306,,0,0,0,5,0,0,0,0,2085
4307,,0,0,0,5,0,0,0,0,2086
4308,,0,0,0,5,0,0,0,0,2087
4309,,0,0,0,5,0,0,0,0,2088
4315,,0,0,0,5,0,0,0,0,2094
4316,,0,0,0,5,0,0,0,0,2095
4320,,8,0,0,5,0,0,0,1279,2097
4321,,23,167,2,5,0,0,10,1264,2097
4324,,19,0,0,5,0,0,0,479,33
4326,,0,0,0,5,0,0,0,0,2101
4327,,0,0,0,5,0,0,0,0,2102
4332,,147,0,0,20,0,0,0,0,1943
4333,,147,0,0,20,0,0,0,0,1876
4334,,0,0,0,5,0,0,0,0,2103
4336,,147,0,0,20,0,0,0,0,2105
4337,,0,0,0,0,0,0,0,0,2106
4338,,0,0,0,0,0,0,0,0,2107
4340,,14,160,2,30,0,0,2,686,2070
4341,,15,161,2,30,0,0,2,687,2070
4342,,16,162,2,20,0,0,0,688,2070
4343,,17,0,2,30,0,0,18,689,2070
4345,,0,0,0,5,0,0,0,0,2109
4346,,0,0,0,5,0,0,0,0,2110
4347,,147,0,0,20,0,0,0,0,2111
4348,,0,0,0,5,0,0,0,0,2112
4350,,0,0,0,5,0,0,0,0,2114
4353,,38,0,0,3,0,0,0,0,2116
4354,,39,0,0,3,0,0,0,0,2116
4355,,40,0,0,3,0,0,0,0,2116
4356,,45,0,0,3,0,0,0,0,2116
4357,,0,0,0,5,0,0,0,0,2117
4358,,0,0,0,0,0,0,0,0,2118
4359,,0,0,0,5,0,0,0,0,2119
4360,,0,0,0,5,0,0,0,0,2120
4362,,14,163,2,30,0,0,2,698,2096
4363,,15,164,2,30,0,0,2,697,2096
4364,,16,165,2,20,0,0,0,696,2096
4365,,17,166,2,30,0,0,18,695,2096
4366,,0,0,0,0,0,0,0,0,2122
4367,,0,0,0,0,0,0,0,0,2123
4369,,12,0,0,5,0,0,0,0,2125
4370,,12,0,0,1,0,0,0,0,2115
4372,,0,0,0,0,0,0,0,0,2127
4373,,0,0,0,5,0,0,0,0,2128
4374,,0,0,0,0,0,0,0,0,2129
4375,,0,0,0,0,0,0,0,0,2130
4376,,0,0,0,0,0,0,0,0,2131
4377,,0,0,0,5,0,0,0,0,2132
4379,,12,0,0,5,0,0,0,0,2134
4380,,0,0,0,5,0,0,0,0,2135
4382,,0,0,0,5,0,0,0,0,2136
4390,,0,0,0,5,0,0,0,0,2143
4392,,0,0,0,5,0,0,0,0,2145
4393,,0,0,0,5,0,0,0,0,2146
4394,,0,0,0,5,0,0,0,0,2147
4402,,12,0,0,5,0,0,0,0,2155
4409,,0,0,0,5,0,0,0,0,2160
4412,,12,0,0,5,0,0,0,0,2163
4414,,14,168,2,30,0,0,2,719,2164
4415,,15,169,2,30,0,0,2,720,2164
4416,,16,170,2,20,0,0,0,721,2164
4417,,17,171,2,30,0,0,18,722,2164
4418,,0,0,0,5,0,0,0,0,2165
4419,,0,0,0,5,0,0,0,0,2166
4420,,0,0,0,0,0,0,0,0,2167
4421,,0,0,0,5,0,0,0,0,2168
4422,,12,0,0,5,0,0,0,0,2169
4424,,12,0,0,5,0,0,0,0,2170
4431,,12,0,0,1,0,0,0,0,2174
4433,,2,0,1,5,0,0,0,501,1762
4434,,2,0,1,5,0,0,0,501,1822
4437,,12,0,0,5,0,0,0,737,2156
4438,,0,0,0,5,0,0,0,0,2176
4439,,0,0,0,0,0,0,0,0,2175
4440,,0,0,0,0,0,0,0,0,2177
4441,,12,0,0,5,0,0,0,464,2178
4445,,12,0,0,1,0,0,0,0,2180
4449,,0,0,0,0,0,0,0,0,1191
4452,,0,0,0,0,0,0,0,0,2186
4461,,12,0,0,1,0,0,4,0,2193
4463,,0,0,0,5,0,0,0,0,2194
4464,,0,0,0,5,0,0,0,0,2195
4469,,0,0,0,0,0,0,0,0,2197
4478,,0,0,0,5,0,0,0,0,2205
4482,,45,0,0,6,0,0,0,0,1907
4483,,38,0,0,3,0,0,0,0,2124
4484,,39,0,0,3,0,0,0,0,2124
4485,,40,0,0,3,0,0,0,0,2124
4486,,45,0,0,6,0,0,0,0,2124
4487,,12,0,0,5,0,0,0,0,2207
4488,,12,0,0,1,0,0,0,0,2208
4489,,12,0,0,5,0,0,0,0,2209
4490,,12,0,0,5,0,0,0,0,2210
4491,,12,0,0,5,0,0,0,0,2211
4492,,12,0,0,5,0,0,0,737,2212
4493,,12,0,0,5,0,0,0,737,2213
4494,,12,0,0,5,0,0,0,0,2214
4495,,0,0,0,0,0,0,0,0,2215
4498,,149,0,0,30,0,0,0,0,1876
4499,,149,0,0,30,0,0,0,0,1943
4504,,14,176,2,30,0,0,2,785,2217
4505,,15,177,2,30,0,0,2,786,2217
4506,,16,178,2,20,0,0,0,787,2217
4507,,17,179,2,30,0,0,18,784,2217
4512,,0,0,0,5,0,0,0,0,2218
4516,,0,0,0,5,0,0,0,0,2222
4520,,12,0,0,5,0,0,0,0,2223
4521,,0,0,0,5,0,0,0,0,2224
4522,,1,0,0,5,0,0,0,0,2225
4523,,0,0,0,0,0,0,0,0,2226
4524,,3,0,0,10,0,0,0,0,2227
4525,,12,0,0,5,0,0,0,0,2228
4528,,0,0,0,5,0,0,0,0,2230
4529,,0,0,0,5,0,0,0,0,2231
4531,You must be at least level 85 to enter.,1,0,0,5,0,0,0,0,2233
4532,Heroic Difficulty requires you to be level 90.,2,0,1,5,0,0,0,0,2233
4535,,0,0,0,5,0,0,0,0,2234
4539,,151,175,2,30,0,0,18,424,2235
4541,,152,0,0,5,0,0,0,737,2212
4542,,152,0,0,5,0,0,0,737,2213
4543,,12,0,0,5,0,0,0,0,2187
4544,,0,0,0,5,0,0,0,0,2237
4548,,0,0,0,5,0,0,0,0,2240
4549,,0,0,0,5,0,0,0,0,2241
4550,,0,0,0,5,0,0,0,0,2242
4551,,0,0,0,5,0,0,0,0,2243
4553,,12,0,0,5,0,0,0,0,2179
4554,,0,0,0,0,0,0,0,0,2245
4555,,0,0,0,5,0,0,0,0,2246
4556,,12,0,0,5,0,0,0,0,2247
4560,,0,0,0,0,0,0,0,0,2250
4565,,12,0,0,5,0,0,0,0,2161
4567,,0,0,0,0,0,0,0,0,2254
4568,,0,0,0,0,0,0,0,0,2255
4570,,12,0,0,5,0,0,0,0,2257
4571,,12,0,0,5,0,0,0,0,2258
4574,,0,0,0,5,0,0,0,0,2261
4576,,0,0,0,5,0,0,0,0,2263
4577,,12,0,0,5,0,0,0,737,2264
4578,,152,0,0,5,0,0,0,737,2264
4580,,12,0,0,5,0,0,0,0,2232
4582,,12,0,0,5,0,0,0,0,2266
4583,,0,0,0,0,0,0,0,0,2267
4584,,0,0,0,0,0,0,0,0,2268
4589,,14,172,2,30,0,0,2,1029,720
4590,,15,173,2,30,0,0,2,1994,720
4591,,33,174,2,30,0,0,18,806,720
4596,,0,0,0,5,0,0,0,0,2276
4597,,0,0,0,5,0,0,0,0,2277
4598,,12,0,0,5,0,0,0,0,2278
4599,,0,0,0,5,0,0,0,0,2279
4603,,12,0,0,5,0,0,0,0,2282
4606,,2,0,0,5,0,0,0,1253,2097
4612,,0,0,0,0,0,0,0,0,2288
4616,,149,0,0,30,0,0,0,0,2105
4617,,149,0,0,30,0,0,0,0,2111
4618,,0,0,0,0,0,0,0,0,2292
4621,,153,0,0,20,0,0,0,0,1814
4624,,1,0,0,5,0,0,0,2044,2285
4625,,1,0,0,5,0,0,0,2044,2293
4626,,1,0,0,5,0,0,0,2044,2284
4627,,1,0,0,5,0,0,0,2044,2291
4628,,1,0,0,5,0,0,0,1711,2290
4629,,1,0,0,5,0,0,0,1710,2289
4630,,1,0,0,5,0,0,0,1712,2287
4631,,1,0,0,5,0,0,0,1709,2286
4632,,153,0,0,20,0,0,0,0,1879
4634,,0,0,0,5,0,0,0,0,2297
4642,,12,0,0,5,0,0,0,0,2299
4643,,15,180,2,30,0,225,2,752,2296
4646,,12,0,0,1,0,0,0,0,2300
4648,,12,0,0,5,0,0,0,0,2303
4649,,12,0,0,5,0,0,0,0,2304
4651,,0,0,0,5,0,0,0,0,2306
4653,,12,0,0,5,0,0,0,0,2301
4654,,12,0,0,5,0,0,0,0,2308
4655,,0,0,0,5,0,0,0,0,2309
4656,,0,0,0,0,0,0,0,0,2274
4657,,0,0,0,0,0,0,0,0,2275
4721,,12,0,0,5,0,0,0,0,2354
4722,,0,0,0,5,0,0,0,0,2355
4723,,2,0,0,5,2,0,0,748,2284
4725,,23,188,2,5,23,0,2,749,2284
4727,,2,0,0,5,2,0,0,748,2289
4728,,8,0,0,5,16,0,0,1279,2289
4729,,23,196,2,5,23,0,2,749,2289
4730,,12,0,0,5,0,0,0,837,2305
4732,,12,0,0,5,0,0,0,0,2356
4733,,2,0,0,5,2,0,0,748,2286
4734,,23,181,2,5,23,0,2,749,2286
4736,,12,0,0,5,0,0,0,0,2360
4737,,0,0,0,5,0,0,0,0,2361
4738,,12,0,0,5,0,0,0,0,2362
4739,,12,0,0,1,0,0,0,0,2363
4740,,0,0,0,5,0,0,0,0,2364
4741,,0,0,0,5,0,0,0,0,2365
4742,,0,0,0,5,0,0,0,0,2366
4744,,150,0,0,5,0,0,0,1729,2236
4745,,0,0,0,5,0,0,0,0,2367
4747,,167,0,0,5,0,0,0,0,2162
4748,,0,0,0,5,0,0,0,0,2368
4749,,2,0,0,5,2,0,0,748,2287
4750,,23,187,2,5,23,0,2,749,2287
4751,,2,0,0,5,0,0,0,748,2290
4752,,23,185,2,5,0,0,2,749,2290
4753,,2,190,0,5,2,0,0,748,2291
4754,,23,186,2,5,23,0,2,749,2291
4755,,2,0,0,5,2,0,0,748,2285
4756,,23,183,2,5,23,0,2,749,2285
4757,,2,0,0,5,2,0,0,748,2293
4758,,23,184,2,5,23,0,2,749,2293
4759,,8,0,0,5,16,0,0,1279,2287
4760,,8,0,0,5,0,0,0,1279,2290
4761,,8,0,0,5,16,0,0,1279,2286
4762,,8,0,0,5,16,0,0,1279,2291
4763,,8,0,0,5,16,0,0,1279,2284
4764,,8,0,0,5,16,0,0,1279,2285
4765,,8,0,0,5,16,0,0,1279,2293
4766,,0,0,0,5,0,0,0,0,2369
4767,,0,0,0,5,0,0,0,0,2370
4768,,12,0,0,5,0,0,0,0,2371
4770,,0,0,0,0,0,0,0,0,2373
4771,,0,0,0,5,0,0,0,0,2374
4773,,12,0,0,1,0,0,0,2060,2375
4774,,14,197,2,30,0,221,2,751,2296
4775,,16,189,2,20,0,223,0,753,2296
4776,,17,198,2,30,0,219,18,750,2296
4782,,0,0,0,5,0,0,0,0,2437
4785,,0,0,0,5,0,0,0,0,2440
4789,,0,0,0,5,0,0,0,0,2444
4792,,0,0,0,5,0,0,0,0,2447
4793,,0,0,0,5,0,0,0,0,2448
4795,,168,0,0,1,0,0,0,0,2375
4796,,169,0,0,1,0,0,0,0,2375
4797,,170,0,0,1,0,0,0,0,2375
4798,,171,0,0,1,0,0,0,0,2375
4800,,0,0,0,0,0,0,0,0,2439
4802,,0,0,0,5,0,0,0,0,2452
4803,,0,0,0,5,0,0,0,0,2453
4804,,0,0,0,5,0,0,0,0,2454
4806,,14,191,2,30,0,220,2,2104,2450
4807,,15,192,2,30,0,224,2,2105,2450
4808,,16,193,2,20,0,222,0,2106,2450
4809,,17,194,2,30,0,218,18,2107,2450
4810,,23,199,2,5,23,0,10,2042,2441
4811,,0,0,0,5,0,0,0,0,2456
4813,,14,0,0,40,0,0,0,0,1457
4814,,15,0,0,40,0,0,0,0,1457
4815,,16,0,0,20,0,0,0,0,1457
4816,,17,0,0,40,0,0,0,0,1457
4834,,12,0,0,5,0,0,0,0,2464
4838,,0,0,0,5,0,0,0,0,2469
4839,,0,0,0,5,0,0,0,0,2470
4841,,12,0,0,5,0,0,0,0,2471
4842,,0,0,0,5,0,0,0,0,2472
4894,,3,0,2,10,0,0,0,0,2474
4895,,150,0,0,5,0,0,0,0,2473
4896,,12,0,0,5,0,0,0,0,2475
4898,,0,0,0,5,0,0,0,0,2482
4900,,3,0,0,10,0,0,0,0,2483
4901,,0,0,0,5,0,0,0,0,2484
4902,,0,0,0,5,0,0,0,0,2485
4903,,0,0,0,5,0,0,0,0,2486
4904,,0,0,0,5,0,0,0,0,2487
4905,,0,0,0,5,0,0,0,0,2488
4906,,0,0,0,5,0,0,0,0,2489
4907,,0,0,0,5,0,0,0,0,2490
4908,,14,200,2,30,0,213,2,2165,2481
4909,,15,201,2,30,0,216,2,2166,2481
4910,,16,202,2,20,0,217,0,2167,2481
4911,,17,203,2,30,0,215,18,2168,2481
4913,,0,0,0,5,0,0,0,0,2492
4925,,0,0,0,5,0,0,0,0,2501
4926,,0,0,0,5,0,0,0,0,2502
4967,,0,0,0,0,0,0,0,0,2509
4968,,9,0,0,40,0,0,0,0,2438
4970,,12,0,0,1,0,0,0,2057,2504
4971,,0,0,0,0,0,0,0,0,2511
4972,,0,0,0,5,0,0,0,0,2512
4986,,2,0,0,5,2,0,0,748,2441
4987,,8,0,0,5,16,0,0,1279,2441
4991,,0,0,0,5,0,0,0,0,2518
4996,,0,0,0,5,0,0,0,0,2523
4997,,0,0,0,5,0,0,0,0,2524
5000,,0,0,0,5,0,0,0,0,2525
5004,,0,0,0,5,0,0,0,0,2529
5005,,14,205,2,30,0,0,2,2158,2522
5006,,15,206,2,30,0,0,2,2159,2522
5007,,16,213,2,20,0,0,1,2160,2522
5008,,17,214,2,30,0,0,18,2161,2522
5009,,2,0,0,5,2,0,0,2156,2451
5010,,8,0,0,5,16,0,0,1279,2451
5011,,23,207,2,5,23,0,2,2157,2451
5017,,0,0,0,5,0,0,0,0,2532
5020,,2,0,0,5,2,0,0,2156,2516
5021,,8,0,0,5,16,0,0,1279,2516
5022,,23,212,2,5,23,0,2,2157,2516
5027,,1,0,0,5,18,241,0,2555,2451
5028,,2,0,0,5,2,0,0,2156,2520
5029,,8,0,0,5,16,0,0,1279,2520
5030,,23,208,2,5,23,0,2,2157,2520
5032,,1,0,0,5,1,241,0,2550,2520
5034,,1,0,0,5,1,241,0,2549,2516
5038,,1,0,0,5,1,241,0,2155,2519
5039,,2,0,0,5,2,0,0,2156,2519
5040,,8,0,0,5,16,0,0,1279,2519
5041,,23,216,2,5,23,0,2,2157,2519
5043,,0,0,0,5,0,0,0,0,2535
5044,,2,0,0,5,2,0,0,2156,2515
5045,,8,0,0,5,16,0,0,1279,2515
5046,,23,209,2,5,23,0,2,2157,2515
5048,,1,0,0,5,1,241,0,2155,2515
5050,,0,0,0,0,0,0,0,0,2534
5055,,1,0,0,5,1,241,0,2155,2526
5056,,2,0,0,5,2,0,0,2156,2526
5057,,8,0,0,5,16,0,0,1279,2526
5058,,23,215,2,5,23,0,2,2157,2526
5060,,3,0,0,10,0,0,0,0,2249
5063,,1,0,0,5,1,241,0,2548,2521
5064,,2,0,0,5,2,0,0,2156,2521
5065,,8,0,0,5,16,0,0,1279,2521
5066,,23,210,2,5,23,0,2,2157,2521
5074,,0,0,0,0,0,0,0,0,2547
5075,,2,0,0,5,2,0,0,2156,2527
5076,,8,0,0,5,16,0,0,1279,2527
5077,,23,217,2,5,23,0,2,2157,2527
5088,,12,0,0,5,0,0,0,2078,2556
5090,,14,0,0,30,0,0,0,0,2559
5091,,15,0,0,30,0,0,0,0,2559
5092,,16,0,0,20,0,0,0,0,2559
5093,,17,0,0,30,0,0,0,0,2559
5097,,0,0,0,0,0,0,0,0,2563
5098,,0,0,0,5,0,0,0,0,2564
5102,,1,0,0,5,1,241,0,2155,2527
5105,,0,0,0,5,0,0,0,0,2570
5109,,0,0,0,5,0,0,0,0,2573
5110,,14,0,0,30,0,0,0,0,2574
5111,,15,0,0,30,0,0,0,0,2574
5112,,16,0,0,20,0,0,0,0,2574
5113,,17,0,0,30,0,0,0,0,2574
5115,,0,0,0,5,0,0,0,0,2576
5126,,23,218,2,5,0,0,2,2566,960
5127,,0,0,0,5,0,0,0,0,2582
